Team	Year	Position	Number	Name	Age	Game Started	Sub Ins	Goals	Total Shots	Shots on Target	Assists	Fouls	Fouls Suffered	Yellow cards	Red cards
Arsenal	s2010	Defender	3	Bacary Sagna	34	33	0	1	21	2	3	20	36	2	1
Arsenal	s2010	Defender	22	Gael Clichy	31	33	0	0	14	1	1	33	15	3	0
Arsenal	s2010	Defender	20	Johan Djourou	30	20	2	1	8	3	0	30	8	3	0
Arsenal	s2010	Defender	28	Kieran Gibbs	27	4	3	0	3	2	0	5	1	1	0
Arsenal	s2010	Defender	6	Laurent Koscielny	31	30	0	2	13	4	0	31	25	5	2
Arsenal	s2010	Defender	18	Sebastien Squillaci	36	20	2	1	10	4	0	11	8	1	0
Arsenal	s2010	Defender	5	Thomas Vermaelen	31	5	0	0	10	1	1	7	6	0	0
Arsenal	s2010	Forward	29	Marouane Chamakh	33	18	11	7	52	21	4	33	30	5	0
Arsenal	s2010	Forward	52	Nicklas Bendtner	29	3	14	2	19	10	1	8	4	2	0
Arsenal	s2010	Forward	10	Robin van Persie	33	19	6	18	97	43	7	32	19	4	0
Arsenal	s2010	Midfielder	16	Aaron Ramsey	26	5	2	1	10	2	0	5	1	1	0
Arsenal	s2010	Midfielder	2	Abou Diaby	31	13	3	2	16	5	3	16	7	1	1
Arsenal	s2010	Midfielder	17	Alex Song	29	30	1	4	21	7	2	69	40	7	1
Arsenal	s2010	Midfielder	23	Andrey Arshavin	36	25	12	6	70	26	11	30	28	1	0
Arsenal	s2010	Midfielder	4	Cesc Fabregas	30	22	3	3	71	25	11	26	54	5	0
Arsenal	s2010	Midfielder	15	Denilson	29	6	10	0	11	2	0	18	21	4	0
Arsenal	s2010	Midfielder	27	Emmanuel Eboue	33	8	5	1	5	1	0	8	13	4	0
Arsenal	s2010	Midfielder	19	Jack Wilshere	25	31	4	1	27	9	3	35	48	7	1
Arsenal	s2010	Midfielder	41	Jay Emmanuel-Thomas	26	0	1	0	0	0	0	0	0	0	0
Arsenal	s2010	Midfielder	8	Samir Nasri	29	28	2	10	81	34	1	18	17	4	0
Arsenal	s2010	Midfielder	14	Theo Walcott	28	19	9	9	68	28	7	4	24	0	0
Arsenal	s2010	Midfielder	7	Tomas Rosicky	36	8	13	0	24	7	1	11	12	3	0
Arsenal	s2011	Defender	11	Andre Santos	34	10	5	2	17	4	0	18	8	2	0
Arsenal	s2011	Defender	3	Bacary Sagna	34	20	1	1	11	2	2	12	26	2	0
Arsenal	s2011	Defender	25	Carl Jenkinson	25	5	4	0	1	0	1	10	2	0	1
Arsenal	s2011	Defender	49	Ignasi Miquel	24	1	3	0	1	0	0	1	1	0	0
Arsenal	s2011	Defender	20	Johan Djourou	30	14	4	0	4	1	1	12	9	3	1
Arsenal	s2011	Defender	28	Kieran Gibbs	27	15	1	1	8	4	0	10	9	1	0
Arsenal	s2011	Defender	6	Laurent Koscielny	31	33	0	2	21	6	1	33	26	9	0
Arsenal	s2011	Defender	4	Per Mertesacker	32	21	0	0	9	2	0	9	12	2	0
Arsenal	s2011	Defender	18	Sebastien Squillaci	36	0	1	0	0	0	0	0	0	0	0
Arsenal	s2011	Defender	5	Thomas Vermaelen	31	28	1	6	38	11	1	33	24	7	0
Arsenal	s2011	Forward	27	Gervinho	30	19	9	4	40	17	6	10	19	0	1
Arsenal	s2011	Forward	29	Marouane Chamakh	33	1	10	1	8	2	0	1	8	0	0
Arsenal	s2011	Forward	9	Park Chu-Young	31	0	1	0	0	0	0	0	0	0	0
Arsenal	s2011	Forward	10	Robin van Persie	33	37	1	30	174	82	9	30	37	8	0
Arsenal	s2011	Midfielder	16	Aaron Ramsey	26	27	7	2	62	18	4	32	27	3	0
Arsenal	s2011	Midfielder	2	Abou Diaby	31	0	4	0	3	1	0	2	1	1	0
Arsenal	s2011	Midfielder	15	Alex Oxlade-Chamberlain	23	6	10	2	15	4	1	4	10	0	0
Arsenal	s2011	Midfielder	17	Alex Song	29	34	0	1	14	5	11	73	38	10	0
Arsenal	s2011	Midfielder	39	Francis Coquelin	26	6	4	0	1	0	1	5	11	2	0
Arsenal	s2011	Midfielder	8	Mikel Arteta	35	30	1	7	44	14	2	41	57	4	0
Arsenal	s2011	Midfielder	14	Theo Walcott	28	32	3	8	76	34	8	13	42	1	0
Arsenal	s2011	Midfielder	7	Tomas Rosicky	36	19	9	1	38	10	4	24	23	4	0
Arsenal	s2011	Midfielder	30	Yossi Benayoun	37	10	10	4	21	13	1	14	9	1	0
Arsenal	s2012	Defender	3	Bacary Sagna	34	25	0	0	3	1	0	21	25	2	0
Arsenal	s2012	Defender	25	Carl Jenkinson	25	14	0	0	4	2	0	12	6	0	1
Arsenal	s2012	Defender	54	Ignasi Miquel	24	0	1	0	0	0	0	0	0	0	0
Arsenal	s2012	Defender	28	Kieran Gibbs	27	23	4	0	9	3	3	19	11	2	0
Arsenal	s2012	Defender	6	Laurent Koscielny	31	20	5	2	10	4	1	15	16	1	1
Arsenal	s2012	Defender	17	Nacho Monreal	31	9	1	1	6	1	1	6	7	2	0
Arsenal	s2012	Defender	4	Per Mertesacker	32	33	1	3	17	6	0	12	19	3	1
Arsenal	s2012	Defender	5	Thomas Vermaelen	31	25	4	0	13	3	0	20	19	3	0
Arsenal	s2012	Forward	27	Gervinho	30	12	6	5	34	9	3	3	11	1	0
Arsenal	s2012	Forward	9	Lukas Podolski	31	25	8	11	54	20	9	32	15	1	0
Arsenal	s2012	Forward	12	Olivier Giroud	30	24	10	11	107	38	3	33	24	3	1
Arsenal	s2012	Midfielder	16	Aaron Ramsey	26	21	15	1	46	12	2	48	32	5	0
Arsenal	s2012	Midfielder	2	Abou Diaby	31	10	1	0	8	3	0	8	3	1	0
Arsenal	s2012	Midfielder	15	Alex Oxlade-Chamberlain	23	11	14	1	33	7	3	5	14	1	0
Arsenal	s2012	Midfielder	23	Andrey Arshavin	36	0	7	0	3	0	0	4	1	1	0
Arsenal	s2012	Midfielder	22	Francis Coquelin	26	3	8	0	1	0	0	3	6	0	0
Arsenal	s2012	Midfielder	10	Jack Wilshere	25	20	5	0	12	4	3	23	52	3	1
Arsenal	s2012	Midfielder	8	Mikel Arteta	35	34	0	6	19	8	3	74	49	6	0
Arsenal	s2012	Midfielder	19	Santi Cazorla	32	37	1	12	115	40	11	16	50	1	0
Arsenal	s2012	Midfielder	47	Serge Gnabry	21	0	1	0	2	0	0	0	1	0	0
Arsenal	s2012	Midfielder	14	Theo Walcott	28	24	8	14	87	39	10	10	35	3	0
Arsenal	s2012	Midfielder	7	Tomas Rosicky	36	7	3	2	10	4	1	13	10	2	0
Arsenal	s2013	Defender	3	Bacary Sagna	34	34	1	1	16	7	2	23	27	6	0
Arsenal	s2013	Defender	25	Carl Jenkinson	25	7	7	1	2	1	2	6	4	1	0
Arsenal	s2013	Defender	28	Kieran Gibbs	27	24	4	0	8	2	1	18	11	2	1
Arsenal	s2013	Defender	6	Laurent Koscielny	31	32	0	2	13	6	0	30	17	1	1
Arsenal	s2013	Defender	17	Nacho Monreal	31	13	10	0	4	1	1	11	12	2	0
Arsenal	s2013	Defender	4	Per Mertesacker	32	35	0	2	19	6	0	12	24	3	0
Arsenal	s2013	Defender	5	Thomas Vermaelen	31	7	7	0	4	0	1	6	6	0	0
Arsenal	s2013	Forward	37	Chuba Akpom	21	0	1	0	0	0	0	0	0	0	0
Arsenal	s2013	Forward	9	Lukas Podolski	31	14	6	8	41	19	2	9	11	0	0
Arsenal	s2013	Forward	23	Nicklas Bendtner	29	1	8	2	8	3	0	2	0	0	0
Arsenal	s2013	Forward	12	Olivier Giroud	30	36	0	16	112	38	8	48	58	4	0
Arsenal	s2013	Forward	22	Yaya Sanogo	24	0	8	0	2	1	0	0	1	0	0
Arsenal	s2013	Midfielder	16	Aaron Ramsey	26	20	3	10	50	27	8	27	25	3	0
Arsenal	s2013	Midfielder	24	Abou Diaby	31	0	1	0	0	0	0	0	0	0	0
Arsenal	s2013	Midfielder	15	Alex Oxlade-Chamberlain	23	6	8	2	18	5	2	6	10	0	0
Arsenal	s2013	Midfielder	10	Jack Wilshere	25	19	5	3	21	8	4	29	44	6	0
Arsenal	s2013	Midfielder	29	Kim Kallstrom	34	1	2	0	3	1	0	4	0	1	0
Arsenal	s2013	Midfielder	20	Mathieu Flamini	33	18	9	2	18	6	0	24	18	8	1
Arsenal	s2013	Midfielder	11	Mesut Ozil	28	25	1	5	30	18	9	9	25	0	0
Arsenal	s2013	Midfielder	8	Mikel Arteta	35	27	4	2	12	4	0	33	36	3	1
Arsenal	s2013	Midfielder	31	Ryo Miyaichi	24	0	1	0	0	0	0	0	0	0	0
Arsenal	s2013	Midfielder	19	Santi Cazorla	32	30	1	4	73	27	8	14	32	2	0
Arsenal	s2013	Midfielder	44	Serge Gnabry	21	5	4	1	12	6	0	2	7	0	0
Arsenal	s2013	Midfielder	14	Theo Walcott	28	10	4	5	33	17	4	4	7	1	0
Arsenal	s2013	Midfielder	7	Tomas Rosicky	36	17	10	2	24	10	1	31	21	8	0
Arsenal	s2014	Defender	21	Calum Chambers	22	17	6	1	7	2	1	25	17	7	1
Arsenal	s2014	Defender	5	Gabriel Paulista	26	4	2	0	2	0	1	3	2	0	0
Arsenal	s2014	Defender	39	Hector Bellerin	22	17	3	2	5	4	1	16	4	5	0
Arsenal	s2014	Defender	3	Kieran Gibbs	27	18	4	0	13	2	3	17	7	3	0
Arsenal	s2014	Defender	6	Laurent Koscielny	31	26	1	3	8	4	0	19	17	4	0
Arsenal	s2014	Defender	2	Mathieu Debuchy	31	10	0	1	8	4	0	15	10	2	0
Arsenal	s2014	Defender	18	Nacho Monreal	31	26	2	0	4	1	1	24	19	3	0
Arsenal	s2014	Defender	4	Per Mertesacker	32	35	0	0	13	2	1	8	13	2	0
Arsenal	s2014	Forward	17	Alexis Sanchez	28	34	1	16	121	49	8	44	72	4	0
Arsenal	s2014	Forward	23	Danny Welbeck	26	18	9	4	58	23	3	15	16	3	0
Arsenal	s2014	Forward	12	Olivier Giroud	30	21	6	14	70	29	3	39	29	5	1
Arsenal	s2014	Forward	14	Theo Walcott	28	4	10	5	23	15	0	2	2	0	0
Arsenal	s2014	Midfielder	16	Aaron Ramsey	26	23	6	6	63	17	6	23	30	6	0
Arsenal	s2014	Midfielder	70	Ainsley Maitland-Niles	19	0	1	0	0	0	0	0	0	0	0
Arsenal	s2014	Midfielder	15	Alex Oxlade-Chamberlain	23	17	6	1	32	8	1	14	11	4	0
Arsenal	s2014	Midfielder	34	Francis Coquelin	26	19	3	0	5	0	0	30	17	5	0
Arsenal	s2014	Midfielder	10	Jack Wilshere	25	9	5	2	18	8	1	10	21	4	0
Arsenal	s2014	Midfielder	20	Mathieu Flamini	33	15	8	1	7	1	1	21	11	3	0
Arsenal	s2014	Midfielder	11	Mesut Ozil	28	21	1	4	29	13	5	10	26	0	0
Arsenal	s2014	Midfielder	8	Mikel Arteta	35	6	1	0	2	0	1	11	10	1	0
Arsenal	s2014	Midfielder	19	Santi Cazorla	32	33	4	7	93	33	11	20	61	5	0
Arsenal	s2014	Midfielder	7	Tomas Rosicky	36	5	10	2	10	5	1	7	11	1	0
Arsenal	s2015	Defender	21	Calum Chambers	22	2	10	0	2	1	0	6	3	2	0
Arsenal	s2015	Defender	5	Gabriel Paulista	26	18	3	1	11	4	0	9	11	4	1
Arsenal	s2015	Defender	24	Hector Bellerin	22	36	0	1	13	3	5	19	8	3	0
Arsenal	s2015	Defender	3	Kieran Gibbs	27	3	12	1	5	1	0	3	6	0	0
Arsenal	s2015	Defender	6	Laurent Koscielny	31	33	0	4	19	8	0	31	26	3	0
Arsenal	s2015	Defender	18	Nacho Monreal	31	36	1	0	12	5	3	28	41	1	0
Arsenal	s2015	Defender	4	Per Mertesacker	32	24	0	0	8	2	0	7	6	1	1
Arsenal	s2015	Forward	17	Alexis Sanchez	28	28	2	13	107	38	4	32	65	1	0
Arsenal	s2015	Forward	23	Danny Welbeck	26	7	4	4	20	11	2	6	9	1	0
Arsenal	s2015	Forward	28	Joel Campbell	24	11	8	3	19	7	2	9	25	0	0
Arsenal	s2015	Forward	12	Olivier Giroud	30	26	12	16	101	43	6	40	33	2	0
Arsenal	s2015	Forward	14	Theo Walcott	28	15	13	5	45	22	2	3	24	0	0
Arsenal	s2015	Midfielder	16	Aaron Ramsey	26	29	2	5	69	21	4	47	47	4	0
Arsenal	s2015	Midfielder	45	Alex Iwobi	21	8	5	2	15	7	2	3	5	0	0
Arsenal	s2015	Midfielder	15	Alex Oxlade-Chamberlain	23	9	13	1	23	5	0	11	13	0	0
Arsenal	s2015	Midfielder	34	Francis Coquelin	26	21	5	0	8	0	0	24	24	5	1
Arsenal	s2015	Midfielder	10	Jack Wilshere	25	1	2	0	1	0	0	1	4	0	0
Arsenal	s2015	Midfielder	20	Mathieu Flamini	33	12	4	0	7	2	0	18	3	3	0
Arsenal	s2015	Midfielder	11	Mesut Ozil	28	35	0	6	47	20	19	20	43	4	0
Arsenal	s2015	Midfielder	8	Mikel Arteta	35	0	9	0	1	1	0	8	4	1	0
Arsenal	s2015	Midfielder	35	Mohamed Elneny	24	9	2	0	13	2	1	9	11	3	0
Arsenal	s2015	Midfielder	19	Santi Cazorla	32	15	0	0	24	8	3	13	14	2	1
Arsenal	s2016	Defender	25	Carl Jenkinson	25	1	0	0	0	0	0	1	1	0	0
Arsenal	s2016	Defender	5	Gabriel Paulista	26	15	4	0	9	2	0	20	11	6	0
Arsenal	s2016	Defender	24	Hector Bellerin	22	27	6	1	22	5	4	20	14	4	0
Arsenal	s2016	Defender	3	Kieran Gibbs	27	8	3	0	5	2	1	11	1	3	0
Arsenal	s2016	Defender	6	Laurent Koscielny	31	33	0	2	9	4	0	19	25	4	1
Arsenal	s2016	Defender	2	Mathieu Debuchy	31	1	0	0	0	0	0	0	0	0	0
Arsenal	s2016	Defender	18	Nacho Monreal	31	35	1	0	12	2	2	33	36	5	0
Arsenal	s2016	Defender	4	Per Mertesacker	32	0	1	0	0	0	0	0	1	0	0
Arsenal	s2016	Defender	16	Rob Holding	21	9	0	0	5	2	0	10	2	3	0
Arsenal	s2016	Defender	20	Shkodran Mustafi	25	26	0	2	24	6	2	35	16	11	0
Arsenal	s2016	Forward	7	Alexis Sanchez	28	36	2	24	129	49	10	49	70	6	0
Arsenal	s2016	Forward	23	Danny Welbeck	26	8	8	2	19	8	2	7	9	0	0
Arsenal	s2016	Forward	9	Lucas Perez	28	2	9	1	9	4	0	2	2	0	0
Arsenal	s2016	Forward	12	Olivier Giroud	30	11	18	12	39	20	3	21	12	2	0
Arsenal	s2016	Forward	14	Theo Walcott	28	23	5	10	62	29	2	14	29	1	0
Arsenal	s2016	Midfielder	8	Aaron Ramsey	26	13	10	1	42	12	4	15	20	3	0
Arsenal	s2016	Midfielder	55	Ainsley Maitland-Niles	19	0	1	0	0	0	0	0	0	0	0
Arsenal	s2016	Midfielder	17	Alex Iwobi	21	18	8	3	39	11	3	7	13	1	0
Arsenal	s2016	Midfielder	15	Alex Oxlade-Chamberlain	23	16	13	2	28	8	7	30	17	1	0
Arsenal	s2016	Midfielder	34	Francis Coquelin	26	22	7	0	14	3	0	33	40	5	0
Arsenal	s2016	Midfielder	29	Granit Xhaka	24	28	4	2	34	9	2	37	19	5	2
Arsenal	s2016	Midfielder	11	Mesut Ozil	28	32	1	8	40	18	9	14	33	2	0
Arsenal	s2016	Midfielder	35	Mohamed Elneny	24	8	6	0	15	2	1	10	5	1	0
Arsenal	s2016	Midfielder	19	Santi Cazorla	32	7	1	2	8	4	2	4	2	2	0
Chelsea	s2010	Defender	33	Alex	34	12	3	2	11	4	0	9	3	3	0
Chelsea	s2010	Defender	3	Ashley Cole	36	38	0	0	27	6	3	29	45	4	0
Chelsea	s2010	Defender	2	Branislav Ivanovic	33	32	2	4	38	11	4	61	35	12	0
Chelsea	s2010	Defender	4	David Luiz	30	11	1	2	10	3	0	18	12	3	0
Chelsea	s2010	Defender	43	Jeffrey Bruma	25	1	1	0	1	0	0	1	0	0	0
Chelsea	s2010	Defender	26	John Terry	36	33	0	3	27	9	1	29	26	6	0
Chelsea	s2010	Defender	17	Jose Bosingwa	34	13	7	0	16	4	0	8	15	1	0
Chelsea	s2010	Defender	19	Paulo Ferreira	38	12	9	0	0	0	2	8	3	2	0
Chelsea	s2010	Defender	34	Ryan Bertrand	27	0	1	0	0	0	1	0	1	0	0
Chelsea	s2010	Forward	11	Didier Drogba	39	30	6	11	150	51	13	57	44	6	0
Chelsea	s2010	Forward	9	Fernando Torres	33	30	7	10	111	36	4	59	51	7	0
Chelsea	s2010	Forward	39	Nicolas Anelka	38	27	5	6	74	22	4	16	33	0	0
Chelsea	s2010	Forward	21	Salomon Kalou	31	16	15	10	65	25	3	18	18	1	0
Chelsea	s2010	Midfielder	15	Florent Malouda	36	33	5	13	88	38	4	24	35	1	0
Chelsea	s2010	Midfielder	8	Frank Lampard	38	23	1	10	76	31	2	10	12	2	0
Chelsea	s2010	Midfielder	12	John Obi Mikel	30	28	0	0	10	3	1	30	35	3	0
Chelsea	s2010	Midfielder	20	Josh McEachran	24	1	8	0	2	0	0	5	0	1	0
Chelsea	s2010	Midfielder	5	Michael Essien	34	32	1	3	68	20	2	40	53	5	1
Chelsea	s2010	Midfielder	7	Ramires	30	22	7	2	29	7	0	53	30	7	0
Chelsea	s2010	Midfielder	NA	Yossi Benayoun	37	1	6	1	4	1	0	0	2	0	0
Chelsea	s2010	Midfielder	18	Yuri Zhirkov	33	6	6	0	10	2	2	9	10	1	0
Chelsea	s2011	Defender	3	Ashley Cole	36	31	1	0	14	4	6	31	33	7	1
Chelsea	s2011	Defender	2	Branislav Ivanovic	33	26	3	3	22	8	1	24	21	6	0
Chelsea	s2011	Defender	4	David Luiz	30	18	2	2	15	6	1	22	23	5	0
Chelsea	s2011	Defender	24	Gary Cahill	31	28	1	3	24	11	0	24	18	4	1
Chelsea	s2011	Defender	26	John Terry	36	31	0	6	25	10	1	24	21	8	0
Chelsea	s2011	Defender	17	Jose Bosingwa	34	24	3	1	15	4	2	33	14	5	1
Chelsea	s2011	Defender	19	Paulo Ferreira	38	3	3	0	1	0	0	3	5	1	0
Chelsea	s2011	Defender	34	Ryan Bertrand	27	6	1	0	2	0	0	7	7	1	0
Chelsea	s2011	Defender	27	Sam Hutchinson	27	1	1	0	0	0	0	0	0	0	0
Chelsea	s2011	Forward	23	Daniel Sturridge	27	28	2	11	93	32	3	11	31	3	0
Chelsea	s2011	Forward	11	Didier Drogba	39	16	8	5	65	21	1	29	26	1	1
Chelsea	s2011	Forward	9	Fernando Torres	33	20	12	6	66	20	4	36	34	4	1
Chelsea	s2011	Forward	10	Juan Mata	29	29	5	6	65	24	13	17	30	2	0
Chelsea	s2011	Forward	18	Romelu Lukaku	24	1	7	0	9	4	1	3	1	0	0
Chelsea	s2011	Forward	21	Salomon Kalou	31	7	5	1	13	5	1	4	6	0	0
Chelsea	s2011	Midfielder	15	Florent Malouda	36	11	15	2	35	10	3	21	15	3	0
Chelsea	s2011	Midfielder	8	Frank Lampard	38	26	4	11	65	25	5	18	21	5	0
Chelsea	s2011	Midfielder	12	John Obi Mikel	30	15	7	0	11	2	0	28	23	4	0
Chelsea	s2011	Midfielder	5	Michael Essien	34	10	4	0	20	3	1	17	13	3	0
Chelsea	s2011	Midfielder	6	Oriol Romeu	25	11	5	0	7	1	0	15	11	2	0
Chelsea	s2011	Midfielder	7	Ramires	30	28	2	5	49	22	1	42	38	4	0
Chelsea	s2011	Midfielder	16	Raul Meireles	34	23	7	2	51	10	4	31	20	8	0
Chelsea	s2012	Defender	3	Ashley Cole	36	31	0	1	21	3	2	14	22	3	0
Chelsea	s2012	Defender	2	Branislav Ivanovic	33	33	1	5	25	7	1	23	25	4	1
Chelsea	s2012	Defender	28	Cesar Azpilicueta	27	24	3	0	10	2	4	21	20	4	0
Chelsea	s2012	Defender	4	David Luiz	30	29	1	2	56	14	2	41	43	8	0
Chelsea	s2012	Defender	24	Gary Cahill	31	24	2	2	16	7	2	14	15	1	0
Chelsea	s2012	Defender	26	John Terry	36	11	3	4	7	4	0	6	4	1	0
Chelsea	s2012	Defender	57	Nathan Ake	22	1	2	0	1	0	0	0	0	0	0
Chelsea	s2012	Defender	19	Paulo Ferreira	38	0	2	0	0	0	0	0	0	0	0
Chelsea	s2012	Defender	34	Ryan Bertrand	27	14	5	0	8	3	0	14	13	1	0
Chelsea	s2012	Forward	29	Demba Ba	32	30	4	15	135	54	0	32	65	0	0
Chelsea	s2012	Forward	17	Eden Hazard	26	31	3	9	63	26	11	25	79	2	0
Chelsea	s2012	Forward	9	Fernando Torres	33	28	8	8	68	29	6	52	40	4	1
Chelsea	s2012	Forward	10	Juan Mata	29	31	4	12	70	24	12	15	35	3	0
Chelsea	s2012	Forward	13	Victor Moses	26	13	11	1	28	6	1	13	20	0	0
Chelsea	s2012	Midfielder	8	Frank Lampard	38	21	8	15	80	31	1	14	12	2	0
Chelsea	s2012	Midfielder	12	John Obi Mikel	30	19	3	0	11	0	0	35	12	3	0
Chelsea	s2012	Midfielder	21	Marko Marin	28	2	4	1	6	2	1	3	1	2	0
Chelsea	s2012	Midfielder	6	Oriol Romeu	25	4	2	0	5	0	0	3	4	1	0
Chelsea	s2012	Midfielder	11	Oscar	25	24	10	4	60	20	5	33	37	2	0
Chelsea	s2012	Midfielder	7	Ramires	30	28	7	5	35	12	1	53	46	8	1
Chelsea	s2012	Midfielder	30	Yossi Benayoun	37	4	8	0	3	0	1	10	3	1	0
Chelsea	s2013	Defender	3	Ashley Cole	36	15	2	0	4	1	2	14	16	1	0
Chelsea	s2013	Defender	2	Branislav Ivanovic	33	36	0	3	38	10	1	47	26	8	0
Chelsea	s2013	Defender	28	Cesar Azpilicueta	27	26	3	0	5	2	0	30	24	1	0
Chelsea	s2013	Defender	4	David Luiz	30	15	4	0	31	7	1	26	23	6	0
Chelsea	s2013	Defender	24	Gary Cahill	31	29	1	1	18	5	1	12	20	2	0
Chelsea	s2013	Defender	26	John Terry	36	34	0	2	26	8	1	14	21	3	0
Chelsea	s2013	Defender	27	Nathan Ake	22	0	1	0	0	0	0	0	0	0	0
Chelsea	s2013	Defender	33	Tomas Kalas	24	2	0	0	1	0	0	0	0	0	0
Chelsea	s2013	Forward	14	Andre Schurrle	26	15	15	8	57	18	2	21	13	1	0
Chelsea	s2013	Forward	19	Demba Ba	32	5	14	5	31	13	1	18	8	0	0
Chelsea	s2013	Forward	17	Eden Hazard	26	32	3	14	73	32	7	17	89	2	0
Chelsea	s2013	Forward	9	Fernando Torres	33	17	12	5	61	18	5	21	28	3	1
Chelsea	s2013	Forward	29	Samuel Eto'o	36	16	5	9	59	26	2	14	14	1	0
Chelsea	s2013	Midfielder	8	Frank Lampard	38	20	6	6	57	24	3	18	7	4	0
Chelsea	s2013	Midfielder	12	John Obi Mikel	30	11	13	1	9	2	1	19	9	3	0
Chelsea	s2013	Midfielder	49	John Swift	22	0	1	0	0	0	0	0	0	0	0
Chelsea	s2013	Midfielder	16	Marco van Ginkel	24	0	2	0	0	0	0	0	0	0	0
Chelsea	s2013	Midfielder	15	Mohamed Salah	24	6	4	2	21	6	1	3	14	1	0
Chelsea	s2013	Midfielder	21	Nemanja Matic	28	15	2	0	13	2	4	28	12	3	0
Chelsea	s2013	Midfielder	11	Oscar	25	24	9	8	71	24	2	33	26	4	0
Chelsea	s2013	Midfielder	7	Ramires	30	29	1	1	51	12	2	54	58	8	1
Chelsea	s2013	Midfielder	22	Willian	28	18	7	4	45	16	2	25	21	3	1
Chelsea	s2014	Defender	31	Andreas Christensen	21	0	1	0	0	0	0	1	0	0	0
Chelsea	s2014	Defender	2	Branislav Ivanovic	33	38	0	4	44	11	5	42	26	10	1
Chelsea	s2014	Defender	28	Cesar Azpilicueta	27	29	0	0	7	3	3	19	14	1	1
Chelsea	s2014	Defender	3	Filipe Luis	31	9	6	0	5	2	0	19	10	1	0
Chelsea	s2014	Defender	24	Gary Cahill	31	33	3	1	22	9	0	23	17	5	0
Chelsea	s2014	Defender	26	John Terry	36	38	0	5	20	10	0	13	19	2	0
Chelsea	s2014	Defender	5	Kurt Zouma	22	7	8	0	1	0	0	6	1	0	0
Chelsea	s2014	Forward	11	Didier Drogba	39	8	20	4	30	9	1	13	16	5	0
Chelsea	s2014	Forward	19	Diego Costa	28	24	2	20	76	37	3	33	25	8	0
Chelsea	s2014	Forward	37	Isaiah Brown	20	0	1	0	0	0	0	0	0	0	0
Chelsea	s2014	Forward	18	Loic Remy	30	8	13	7	37	16	0	10	15	0	0
Chelsea	s2014	Midfielder	4	Cesc Fabregas	30	33	1	3	43	17	18	30	36	11	1
Chelsea	s2014	Midfielder	10	Eden Hazard	26	38	0	14	78	33	9	12	113	2	0
Chelsea	s2014	Midfielder	12	John Obi Mikel	30	6	12	0	3	1	1	14	3	1	0
Chelsea	s2014	Midfielder	23	Juan Cuadrado	29	4	8	0	8	3	0	5	10	2	0
Chelsea	s2014	Midfielder	21	Nemanja Matic	28	35	1	1	29	10	3	47	22	10	1
Chelsea	s2014	Midfielder	8	Oscar	25	26	2	6	72	23	8	35	22	5	0
Chelsea	s2014	Midfielder	7	Ramires	30	12	12	2	17	5	4	19	18	4	0
Chelsea	s2014	Midfielder	36	Ruben Loftus-Cheek	21	2	1	0	1	0	0	3	2	0	0
Chelsea	s2014	Midfielder	22	Willian	28	28	8	2	55	17	3	27	53	3	0
Chelsea	s2015	Defender	6	Baba Rahman	22	11	4	0	6	2	1	14	4	1	0
Chelsea	s2015	Defender	2	Branislav Ivanovic	33	33	0	2	28	7	2	32	22	5	0
Chelsea	s2015	Defender	28	Cesar Azpilicueta	27	36	1	2	10	5	3	39	18	7	0
Chelsea	s2015	Defender	43	Fikayo Tomori	19	0	1	0	0	0	0	0	0	0	0
Chelsea	s2015	Defender	24	Gary Cahill	31	21	2	2	13	4	1	17	21	2	0
Chelsea	s2015	Defender	37	Jake Clark-Salter	19	0	1	0	0	0	0	0	0	0	0
Chelsea	s2015	Defender	26	John Terry	36	24	0	1	10	2	0	10	5	2	2
Chelsea	s2015	Defender	5	Kurt Zouma	22	21	2	1	17	2	1	9	8	0	0
Chelsea	s2015	Defender	20	Matt Miazga	21	2	0	0	0	0	0	1	2	1	0
Chelsea	s2015	Forward	11	Alexandre Pato	27	1	1	1	4	2	0	2	3	0	0
Chelsea	s2015	Forward	19	Diego Costa	28	27	1	12	68	28	6	43	49	8	0
Chelsea	s2015	Forward	16	Kenedy	21	4	10	1	13	3	0	6	9	0	0
Chelsea	s2015	Forward	18	Loic Remy	30	3	10	1	13	5	0	1	6	0	0
Chelsea	s2015	Forward	17	Pedro	29	24	5	7	57	16	2	23	46	3	0
Chelsea	s2015	Forward	9	Radamel Falcao	31	1	9	1	11	5	0	7	5	1	0
Chelsea	s2015	Forward	42	Tammy Abraham	19	0	2	0	2	0	0	2	0	0	0
Chelsea	s2015	Midfielder	14	Bertrand Traore	21	4	6	2	17	6	1	3	4	0	0
Chelsea	s2015	Midfielder	4	Cesc Fabregas	30	33	4	5	45	19	7	38	42	5	0
Chelsea	s2015	Midfielder	10	Eden Hazard	26	25	6	4	36	14	3	15	70	2	0
Chelsea	s2015	Midfielder	12	John Obi Mikel	30	19	6	0	7	0	1	32	11	6	0
Chelsea	s2015	Midfielder	21	Nemanja Matic	28	28	5	2	34	8	2	38	17	4	1
Chelsea	s2015	Midfielder	8	Oscar	25	20	7	3	52	16	3	18	35	4	0
Chelsea	s2015	Midfielder	36	Ruben Loftus-Cheek	21	4	9	1	12	3	0	4	14	0	0
Chelsea	s2015	Midfielder	22	Willian	28	32	3	5	60	20	6	27	67	5	0
Chelsea	s2016	Defender	28	Cesar Azpilicueta	27	38	0	1	18	6	4	27	23	4	0
Chelsea	s2016	Defender	30	David Luiz	30	33	0	1	31	10	0	29	30	6	0
Chelsea	s2016	Defender	24	Gary Cahill	31	36	1	6	24	10	0	34	24	5	0
Chelsea	s2016	Defender	26	John Terry	36	6	3	1	8	2	0	5	3	1	0
Chelsea	s2016	Defender	5	Kurt Zouma	22	3	6	0	1	0	1	2	2	0	0
Chelsea	s2016	Defender	3	Marcos Alonso	26	31	1	6	46	16	3	25	20	2	0
Chelsea	s2016	Defender	6	Nathan Ake	22	9	3	3	7	4	1	4	2	1	0
Chelsea	s2016	Defender	34	Ola Aina	20	0	3	0	1	1	0	0	1	0	0
Chelsea	s2016	Forward	19	Diego Costa	28	35	0	20	111	42	7	43	92	10	0
Chelsea	s2016	Forward	16	Kenedy	21	1	1	0	3	0	0	2	1	0	0
Chelsea	s2016	Forward	23	Michy Batshuayi	23	1	19	5	17	8	1	9	4	0	0
Chelsea	s2016	Forward	11	Pedro	29	26	9	9	59	17	9	33	39	6	0
Chelsea	s2016	Midfielder	4	Cesc Fabregas	30	13	16	5	26	9	12	23	17	8	0
Chelsea	s2016	Midfielder	10	Eden Hazard	26	36	0	16	77	33	5	19	101	3	0
Chelsea	s2016	Midfielder	7	N'Golo Kante	26	35	0	1	27	7	1	53	15	9	0
Chelsea	s2016	Midfielder	29	Nathaniel Chalobah	22	1	9	0	1	1	1	2	1	2	0
Chelsea	s2016	Midfielder	21	Nemanja Matic	28	30	5	1	20	7	7	33	25	4	0
Chelsea	s2016	Midfielder	14	Ruben Loftus-Cheek	21	0	6	0	1	1	0	2	0	0	0
Chelsea	s2016	Midfielder	15	Victor Moses	26	29	5	3	45	15	2	28	32	4	0
Chelsea	s2016	Midfielder	22	Willian	28	15	19	8	44	15	2	12	23	3	0
Liverpool	s2010	Defender	5	Daniel Agger	32	12	4	0	5	1	0	10	9	0	0
Liverpool	s2010	Defender	22	Danny Wilson	25	1	1	0	0	0	0	2	1	1	0
Liverpool	s2010	Defender	6	Fabio Aurelio	37	7	7	0	8	1	0	6	2	2	0
Liverpool	s2010	Defender	2	Glen Johnson	32	28	0	2	25	7	2	24	31	4	0
Liverpool	s2010	Defender	49	Jack Robinson	23	1	1	0	1	0	0	1	0	1	0
Liverpool	s2010	Defender	23	Jamie Carragher	39	28	0	0	0	0	0	14	15	4	0
Liverpool	s2010	Defender	38	Jon Flanagan	24	7	0	0	3	0	0	11	4	3	0
Liverpool	s2010	Defender	34	Martin Kelly	27	10	1	0	2	1	1	6	8	1	0
Liverpool	s2010	Defender	37	Martin Skrtel	32	38	0	2	21	2	1	43	21	8	0
Liverpool	s2010	Defender	3	Paul Konchesky	36	16	0	0	3	0	1	14	5	2	0
Liverpool	s2010	Defender	16	Sotirios Kyrgiakos	37	10	6	2	15	8	0	12	12	1	0
Liverpool	s2010	Forward	9	Andy Carroll	28	23	3	13	91	33	3	53	37	5	0
Liverpool	s2010	Forward	12	Dani Pacheco	26	0	1	0	0	0	0	0	0	0	0
Liverpool	s2010	Forward	24	David Ngog	28	9	16	2	33	13	1	25	26	1	0
Liverpool	s2010	Forward	7	Luis Suarez	30	12	1	4	55	23	3	12	37	2	0
Liverpool	s2010	Forward	14	Milan Jovanovic	36	5	5	0	3	0	0	5	7	1	0
Liverpool	s2010	Forward	NA	Nathan Eccleston	26	0	1	0	0	0	0	0	0	0	0
Liverpool	s2010	Midfielder	28	Christian Poulsen	37	9	3	0	3	1	0	16	7	1	0
Liverpool	s2010	Midfielder	18	Dirk Kuyt	36	32	1	13	64	31	7	42	36	3	0
Liverpool	s2010	Midfielder	20	Jay Spearing	28	10	1	0	9	4	0	5	7	0	0
Liverpool	s2010	Midfielder	10	Joe Cole	35	9	11	2	20	6	1	11	13	1	1
Liverpool	s2010	Midfielder	33	Jonjo Shelvey	25	0	15	0	8	2	1	7	1	1	0
Liverpool	s2010	Midfielder	21	Lucas	30	32	1	0	22	4	1	66	51	6	1
Liverpool	s2010	Midfielder	11	Maxi Rodriguez	36	24	4	10	57	23	0	20	31	2	0
Liverpool	s2010	Midfielder	4	Raul Meireles	34	32	1	5	62	24	5	27	29	5	0
Liverpool	s2010	Midfielder	8	Steven Gerrard	37	20	1	4	50	13	5	23	22	2	0
Liverpool	s2011	Defender	5	Daniel Agger	32	24	3	1	33	6	1	17	23	6	0
Liverpool	s2011	Defender	6	Fabio Aurelio	37	1	1	0	0	0	0	1	0	0	0
Liverpool	s2011	Defender	2	Glen Johnson	32	22	1	1	22	8	0	14	23	2	0
Liverpool	s2011	Defender	23	Jamie Carragher	39	19	2	0	0	0	0	5	9	1	0
Liverpool	s2011	Defender	38	Jon Flanagan	24	5	0	0	0	0	0	9	6	2	0
Liverpool	s2011	Defender	3	Jose Enrique	31	33	2	0	13	3	2	15	27	2	0
Liverpool	s2011	Defender	34	Martin Kelly	27	12	0	0	8	3	0	12	3	1	0
Liverpool	s2011	Defender	37	Martin Skrtel	32	33	1	2	29	6	1	41	19	2	1
Liverpool	s2011	Defender	16	Sebastian Coates	26	4	3	1	1	1	0	4	1	1	0
Liverpool	s2011	Forward	9	Andy Carroll	28	21	14	4	88	27	2	30	48	5	0
Liverpool	s2011	Forward	39	Craig Bellamy	37	12	15	6	42	16	3	19	8	6	0
Liverpool	s2011	Forward	7	Luis Suarez	30	29	2	11	128	48	3	44	74	5	0
Liverpool	s2011	Midfielder	26	Charlie Adam	31	27	1	2	49	11	6	58	43	4	1
Liverpool	s2011	Midfielder	18	Dirk Kuyt	36	22	12	2	50	17	1	27	22	3	0
Liverpool	s2011	Midfielder	20	Jay Spearing	28	15	1	0	9	2	1	14	11	0	1
Liverpool	s2011	Midfielder	33	Jonjo Shelvey	25	8	5	1	20	7	0	14	2	2	0
Liverpool	s2011	Midfielder	14	Jordan Henderson	26	31	6	2	40	14	1	28	8	3	0
Liverpool	s2011	Midfielder	21	Lucas	30	12	0	0	6	0	0	20	10	5	0
Liverpool	s2011	Midfielder	11	Maxi Rodriguez	36	10	2	4	23	8	1	5	9	1	0
Liverpool	s2011	Midfielder	31	Raheem Sterling	22	0	3	0	2	0	0	0	2	0	0
Liverpool	s2011	Midfielder	8	Steven Gerrard	37	12	6	5	31	11	2	8	9	0	0
Liverpool	s2011	Midfielder	19	Stewart Downing	32	28	8	0	72	19	0	14	21	1	0
Liverpool	s2012	Defender	47	Andre Wisdom	24	12	0	0	6	0	1	6	4	0	0
Liverpool	s2012	Defender	35	Conor Coady	24	0	1	0	0	0	0	0	0	0	0
Liverpool	s2012	Defender	5	Daniel Agger	32	35	0	3	38	10	0	25	35	3	1
Liverpool	s2012	Defender	23	Jamie Carragher	39	16	8	0	3	0	1	12	8	4	0
Liverpool	s2012	Defender	3	Jose Enrique	31	25	4	2	22	8	4	14	17	1	0
Liverpool	s2012	Defender	34	Martin Kelly	27	4	0	0	2	0	0	7	2	0	0
Liverpool	s2012	Defender	37	Martin Skrtel	32	23	2	2	15	4	0	22	7	4	0
Liverpool	s2012	Defender	16	Sebastian Coates	26	2	3	0	0	0	0	4	0	0	0
Liverpool	s2012	Forward	15	Daniel Sturridge	27	12	9	11	70	33	3	6	18	2	0
Liverpool	s2012	Forward	29	Fabio Borini	26	5	8	1	17	5	0	6	3	1	0
Liverpool	s2012	Forward	7	Luis Suarez	30	33	0	23	187	72	5	48	61	10	0
Liverpool	s2012	Forward	11	Oussama Assaidi	28	0	4	0	2	0	0	1	1	0	0
Liverpool	s2012	Forward	30	Suso	23	8	6	0	19	5	0	12	7	0	0
Liverpool	s2012	Midfielder	24	Joe Allen	27	21	6	0	9	0	0	28	31	2	0
Liverpool	s2012	Midfielder	33	Jonjo Shelvey	25	9	10	1	35	15	0	14	4	3	1
Liverpool	s2012	Midfielder	14	Jordan Henderson	26	16	14	5	33	11	4	21	12	3	0
Liverpool	s2012	Midfielder	51	Jordon Ibe	21	1	0	0	1	0	1	1	0	0	0
Liverpool	s2012	Midfielder	21	Lucas	30	24	2	0	3	1	1	52	14	6	0
Liverpool	s2012	Midfielder	10	Philippe Coutinho	24	12	1	3	36	11	5	8	11	0	0
Liverpool	s2012	Midfielder	31	Raheem Sterling	22	19	5	2	34	10	2	28	54	1	0
Liverpool	s2012	Midfielder	8	Steven Gerrard	37	36	0	9	93	32	9	36	17	5	0
Liverpool	s2012	Midfielder	19	Stewart Downing	32	25	4	3	51	8	5	7	12	0	0
Liverpool	s2013	Defender	20	Aly Cissokho	29	12	3	0	5	0	1	10	9	2	0
Liverpool	s2013	Defender	47	Andre Wisdom	24	1	1	0	2	1	0	2	0	1	0
Liverpool	s2013	Defender	44	Brad Smith	23	0	1	0	0	0	0	3	0	0	0
Liverpool	s2013	Defender	5	Daniel Agger	32	16	4	2	7	3	1	10	11	0	0
Liverpool	s2013	Defender	2	Glen Johnson	32	29	0	0	20	5	2	23	38	3	0
Liverpool	s2013	Defender	38	Jon Flanagan	24	23	0	1	7	3	1	25	20	3	0
Liverpool	s2013	Defender	3	Jose Enrique	31	6	2	0	3	1	2	4	1	0	0
Liverpool	s2013	Defender	4	Kolo Toure	36	15	5	0	7	1	2	11	1	2	0
Liverpool	s2013	Defender	17	Mamadou Sakho	27	17	1	1	10	1	0	10	8	0	0
Liverpool	s2013	Defender	34	Martin Kelly	27	0	5	0	0	0	0	2	0	0	0
Liverpool	s2013	Defender	37	Martin Skrtel	32	36	0	7	15	8	1	28	12	6	0
Liverpool	s2013	Forward	15	Daniel Sturridge	27	26	3	21	99	42	7	8	39	2	0
Liverpool	s2013	Forward	9	Iago Aspas	29	5	9	0	2	1	1	7	7	3	0
Liverpool	s2013	Forward	7	Luis Suarez	30	33	0	31	181	81	12	54	67	6	0
Liverpool	s2013	Forward	31	Raheem Sterling	22	24	9	9	45	22	5	53	63	3	0
Liverpool	s2013	Midfielder	53	Joao Teixeira	24	0	1	0	2	0	0	0	0	0	0
Liverpool	s2013	Midfielder	24	Joe Allen	27	15	9	1	19	8	0	18	23	4	0
Liverpool	s2013	Midfielder	14	Jordan Henderson	26	35	0	4	49	16	7	35	19	4	1
Liverpool	s2013	Midfielder	21	Lucas	30	20	7	0	9	2	0	46	14	6	0
Liverpool	s2013	Midfielder	6	Luis Alberto	24	0	9	0	3	1	1	1	0	0	0
Liverpool	s2013	Midfielder	10	Philippe Coutinho	24	28	5	5	94	27	7	15	41	1	0
Liverpool	s2013	Midfielder	8	Steven Gerrard	37	33	1	13	60	31	13	33	20	7	0
Liverpool	s2014	Defender	18	Alberto Moreno	24	26	2	2	18	5	0	36	35	6	0
Liverpool	s2014	Defender	6	Dejan Lovren	27	22	4	0	18	2	0	18	15	4	0
Liverpool	s2014	Defender	19	Javier Manquillo	23	10	0	0	2	0	0	2	10	3	0
Liverpool	s2014	Defender	3	Jose Enrique	31	2	2	0	1	0	0	3	3	0	0
Liverpool	s2014	Defender	4	Kolo Toure	36	7	5	0	1	0	0	3	1	0	0
Liverpool	s2014	Defender	17	Mamadou Sakho	27	15	1	0	2	1	0	8	4	1	0
Liverpool	s2014	Defender	37	Martin Skrtel	32	33	0	1	19	2	0	24	17	8	0
Liverpool	s2014	Forward	15	Daniel Sturridge	27	7	5	4	39	14	1	5	16	0	0
Liverpool	s2014	Forward	29	Fabio Borini	26	3	9	1	14	5	1	9	8	1	1
Liverpool	s2014	Forward	50	Lazar Markovic	23	11	8	2	16	3	1	10	11	0	0
Liverpool	s2014	Forward	45	Mario Balotelli	26	10	6	1	56	20	0	29	26	5	0
Liverpool	s2014	Forward	9	Rickie Lambert	35	7	18	2	19	8	2	12	7	2	0
Liverpool	s2014	Midfielder	20	Adam Lallana	29	23	4	5	38	13	3	25	40	4	0
Liverpool	s2014	Midfielder	23	Emre Can	23	23	4	1	15	4	0	29	19	2	1
Liverpool	s2014	Midfielder	24	Joe Allen	27	16	5	1	12	2	0	20	24	3	0
Liverpool	s2014	Midfielder	14	Jordan Henderson	26	36	1	6	50	14	9	32	22	6	0
Liverpool	s2014	Midfielder	33	Jordon Ibe	21	7	5	0	10	4	0	3	14	0	0
Liverpool	s2014	Midfielder	21	Lucas	30	16	4	0	11	6	0	27	9	4	0
Liverpool	s2014	Midfielder	10	Philippe Coutinho	24	32	3	5	103	34	5	26	48	3	0
Liverpool	s2014	Midfielder	31	Raheem Sterling	22	34	1	7	84	33	7	45	94	5	0
Liverpool	s2014	Midfielder	8	Steven Gerrard	37	25	4	9	54	21	1	11	22	7	1
Liverpool	s2015	Defender	18	Alberto Moreno	24	28	4	1	36	8	4	29	22	3	0
Liverpool	s2015	Defender	44	Brad Smith	23	3	1	0	1	0	0	7	5	1	1
Liverpool	s2015	Defender	56	Connor Randall	21	2	1	0	2	1	0	2	2	0	0
Liverpool	s2015	Defender	6	Dejan Lovren	27	22	2	0	22	6	0	23	12	2	0
Liverpool	s2015	Defender	38	Jon Flanagan	24	5	0	0	0	0	1	7	1	1	0
Liverpool	s2015	Defender	12	Joseph Gomez	20	5	0	0	1	0	1	9	1	3	0
Liverpool	s2015	Defender	35	Kevin Stewart	23	6	1	0	5	0	0	9	16	1	0
Liverpool	s2015	Defender	4	Kolo Toure	36	9	5	1	4	2	0	2	2	1	0
Liverpool	s2015	Defender	17	Mamadou Sakho	27	21	1	1	6	1	0	9	14	1	0
Liverpool	s2015	Defender	37	Martin Skrtel	32	21	1	1	10	3	0	21	6	5	0
Liverpool	s2015	Defender	2	Nathaniel Clyne	26	33	0	1	29	6	0	19	26	6	0
Liverpool	s2015	Defender	19	Steven Caulker	25	1	5	0	3	2	0	0	1	0	0
Liverpool	s2015	Forward	9	Christian Benteke	26	14	15	9	61	20	3	29	26	2	0
Liverpool	s2015	Forward	15	Daniel Sturridge	27	11	3	8	48	23	1	2	12	0	0
Liverpool	s2015	Forward	28	Danny Ings	25	3	3	2	10	5	0	7	5	1	0
Liverpool	s2015	Forward	27	Divock Origi	22	7	9	5	24	12	1	11	13	0	0
Liverpool	s2015	Forward	11	Roberto Firmino	25	24	7	10	63	25	7	29	20	1	0
Liverpool	s2015	Midfielder	20	Adam Lallana	29	23	7	4	44	15	6	27	29	2	0
Liverpool	s2015	Midfielder	32	Cameron Brannagan	21	1	2	0	1	1	0	0	0	0	0
Liverpool	s2015	Midfielder	23	Emre Can	23	28	2	1	30	13	0	36	31	9	0
Liverpool	s2015	Midfielder	7	James Milner	31	28	0	5	39	11	11	47	33	9	1
Liverpool	s2015	Midfielder	53	Joao Teixeira	24	0	1	0	0	0	0	0	0	0	0
Liverpool	s2015	Midfielder	24	Joe Allen	27	8	11	2	12	4	1	14	21	0	0
Liverpool	s2015	Midfielder	14	Jordan Henderson	26	15	2	2	26	6	3	10	8	1	0
Liverpool	s2015	Midfielder	46	Jordan Rossiter	20	0	1	0	0	0	0	0	0	0	0
Liverpool	s2015	Midfielder	33	Jordon Ibe	21	12	15	1	29	6	2	10	14	0	0
Liverpool	s2015	Midfielder	21	Lucas	30	21	6	0	9	3	1	49	19	8	0
Liverpool	s2015	Midfielder	68	Pedro Chirivella	20	1	0	0	0	0	0	0	0	0	0
Liverpool	s2015	Midfielder	10	Philippe Coutinho	24	24	2	8	111	30	5	10	29	2	1
Liverpool	s2015	Midfielder	64	Sergi Canos	20	0	1	0	0	0	0	1	0	0	0
Liverpool	s2015	Midfielder	54	Sheyi Ojo	19	5	3	0	5	1	3	3	8	0	0
Liverpool	s2016	Defender	18	Alberto Moreno	24	2	10	0	3	0	1	2	6	1	0
Liverpool	s2016	Defender	6	Dejan Lovren	27	29	0	2	15	5	1	25	20	6	0
Liverpool	s2016	Defender	7	James Milner	31	36	0	7	36	17	3	38	23	5	0
Liverpool	s2016	Defender	32	Joel Matip	25	27	2	1	26	4	0	14	11	3	0
Liverpool	s2016	Defender	2	Nathaniel Clyne	26	37	0	0	26	5	2	14	20	0	0
Liverpool	s2016	Defender	17	Ragnar Klavan	31	15	5	0	4	2	0	15	7	3	0
Liverpool	s2016	Defender	66	Trent Alexander-Arnold	18	2	5	0	3	2	0	1	2	0	0
Liverpool	s2016	Forward	15	Daniel Sturridge	27	7	13	3	40	21	1	5	8	1	0
Liverpool	s2016	Forward	27	Divock Origi	22	14	20	7	38	15	3	22	31	0	0
Liverpool	s2016	Forward	11	Roberto Firmino	25	34	1	11	100	45	7	51	31	5	0
Liverpool	s2016	Midfielder	20	Adam Lallana	29	27	4	8	50	20	7	17	30	3	0
Liverpool	s2016	Midfielder	58	Ben Woodburn	17	1	4	0	2	0	0	2	1	0	0
Liverpool	s2016	Midfielder	23	Emre Can	23	26	6	5	45	11	2	70	30	6	0
Liverpool	s2016	Midfielder	5	Georginio Wijnaldum	26	33	3	6	60	20	9	22	30	2	0
Liverpool	s2016	Midfielder	14	Jordan Henderson	26	24	0	1	17	4	4	28	17	8	0
Liverpool	s2016	Midfielder	35	Kevin Stewart	23	0	4	0	0	0	0	1	0	0	0
Liverpool	s2016	Midfielder	21	Lucas	30	12	12	0	8	1	3	18	12	4	0
Liverpool	s2016	Midfielder	16	Marko Grujic	21	0	5	0	4	2	0	2	2	1	0
Liverpool	s2016	Midfielder	53	Ovie Ejaria	19	0	2	0	0	0	0	0	0	0	0
Liverpool	s2016	Midfielder	10	Philippe Coutinho	24	28	3	13	106	38	7	18	36	2	0
Liverpool	s2016	Midfielder	19	Sadio Mane	25	26	1	13	57	24	5	32	55	4	0
Manchester_City	s2010	Defender	13	Aleksandar Kolarov	31	20	4	1	48	15	0	17	36	5	1
Manchester_City	s2010	Defender	38	Dedryck Boyata	26	5	2	0	1	0	0	4	2	1	1
Manchester_City	s2010	Defender	17	Jerome Boateng	28	14	2	0	13	4	0	22	11	1	0
Manchester_City	s2010	Defender	6	Joleon Lescott	34	20	2	3	9	3	1	14	11	1	0
Manchester_City	s2010	Defender	28	Kolo Toure	36	21	1	1	8	2	0	12	9	2	1
Manchester_City	s2010	Defender	2	Micah Richards	28	16	2	1	10	2	1	16	15	4	0
Manchester_City	s2010	Defender	5	Pablo Zabaleta	32	21	5	2	18	4	2	40	29	8	0
Manchester_City	s2010	Defender	57	Reece Wabara	25	0	1	0	0	0	0	0	0	0	0
Manchester_City	s2010	Defender	NA	Ryan McGivern	27	0	1	0	1	0	0	1	0	0	0
Manchester_City	s2010	Defender	4	Vincent Kompany	31	37	0	0	11	2	1	45	12	6	0
Manchester_City	s2010	Forward	32	Carlos Tevez	33	30	1	20	120	45	6	43	43	6	0
Manchester_City	s2010	Forward	10	Edin Dzeko	31	8	7	2	33	11	2	16	19	0	0
Manchester_City	s2010	Forward	9	Emmanuel Adebayor	33	2	6	1	8	3	0	8	1	0	0
Manchester_City	s2010	Forward	27	Jo	30	3	9	0	7	3	0	6	3	0	0
Manchester_City	s2010	Forward	45	Mario Balotelli	26	12	5	6	47	16	0	33	28	6	1
Manchester_City	s2010	Midfielder	62	Abdul Razak	24	0	1	0	0	0	0	0	0	0	0
Manchester_City	s2010	Midfielder	11	Adam Johnson	29	15	16	4	36	11	5	4	23	2	0
Manchester_City	s2010	Midfielder	21	David Silva	31	30	5	4	64	16	7	25	26	2	0
Manchester_City	s2010	Midfielder	18	Gareth Barry	36	31	2	2	17	6	2	52	21	8	0
Manchester_City	s2010	Midfielder	7	James Milner	31	24	9	1	31	8	6	26	43	4	0
Manchester_City	s2010	Midfielder	34	Nigel de Jong	32	30	2	1	10	3	1	43	46	9	0
Manchester_City	s2010	Midfielder	24	Patrick Vieira	40	4	11	2	5	3	0	12	5	2	0
Manchester_City	s2010	Midfielder	8	Shaun Wright-Phillips	35	2	5	0	6	2	0	3	6	0	0
Manchester_City	s2010	Midfielder	42	Yaya Toure	34	35	0	8	49	19	4	42	31	3	0
Manchester_City	s2011	Defender	13	Aleksandar Kolarov	31	9	3	2	25	5	4	13	14	1	0
Manchester_City	s2011	Defender	22	Gael Clichy	31	28	0	0	11	3	4	20	21	1	1
Manchester_City	s2011	Defender	6	Joleon Lescott	34	30	1	2	10	2	1	26	19	1	0
Manchester_City	s2011	Defender	28	Kolo Toure	36	8	6	0	7	2	0	7	4	0	0
Manchester_City	s2011	Defender	2	Micah Richards	28	23	6	1	20	6	5	39	21	2	0
Manchester_City	s2011	Defender	5	Pablo Zabaleta	32	18	3	1	19	5	0	26	14	5	0
Manchester_City	s2011	Defender	15	Stefan Savic	26	5	6	1	3	1	0	5	4	1	0
Manchester_City	s2011	Defender	4	Vincent Kompany	31	31	0	3	18	6	1	30	10	5	1
Manchester_City	s2011	Forward	32	Carlos Tevez	33	7	6	4	33	15	3	8	13	1	0
Manchester_City	s2011	Forward	10	Edin Dzeko	31	16	14	14	92	36	3	23	25	1	0
Manchester_City	s2011	Forward	45	Mario Balotelli	26	14	9	13	82	32	1	42	44	4	2
Manchester_City	s2011	Forward	16	Sergio Aguero	29	31	3	23	130	52	8	22	26	2	0
Manchester_City	s2011	Midfielder	11	Adam Johnson	29	10	16	6	35	14	2	8	9	1	0
Manchester_City	s2011	Midfielder	8	David Pizarro	37	1	4	0	1	0	1	3	4	0	0
Manchester_City	s2011	Midfielder	21	David Silva	31	33	3	6	87	30	15	25	36	0	0
Manchester_City	s2011	Midfielder	18	Gareth Barry	36	31	3	1	23	5	3	51	33	8	1
Manchester_City	s2011	Midfielder	7	James Milner	31	17	9	3	15	7	5	20	10	3	0
Manchester_City	s2011	Midfielder	34	Nigel de Jong	32	11	10	0	6	0	0	12	16	5	0
Manchester_City	s2011	Midfielder	20	Owen Hargreaves	36	0	1	0	0	0	0	0	0	0	0
Manchester_City	s2011	Midfielder	19	Samir Nasri	29	27	4	5	58	13	9	18	15	2	0
Manchester_City	s2011	Midfielder	42	Yaya Toure	34	31	1	6	65	16	6	31	27	8	0
Manchester_City	s2012	Defender	13	Aleksandar Kolarov	31	11	9	1	23	4	2	19	11	4	0
Manchester_City	s2012	Defender	22	Gael Clichy	31	26	2	0	8	3	2	18	13	3	0
Manchester_City	s2012	Defender	6	Joleon Lescott	34	17	9	1	3	1	0	9	8	3	0
Manchester_City	s2012	Defender	28	Kolo Toure	36	10	5	0	5	0	0	12	2	2	0
Manchester_City	s2012	Defender	3	Maicon	35	4	5	0	10	2	0	10	3	0	0
Manchester_City	s2012	Defender	33	Matija Nastasic	24	21	0	0	8	3	0	24	11	1	0
Manchester_City	s2012	Defender	2	Micah Richards	28	7	0	0	10	4	0	8	4	2	0
Manchester_City	s2012	Defender	5	Pablo Zabaleta	32	29	1	2	21	9	2	45	34	7	0
Manchester_City	s2012	Defender	4	Vincent Kompany	31	26	0	1	15	2	0	34	6	3	1
Manchester_City	s2012	Forward	32	Carlos Tevez	33	28	6	11	105	40	8	29	35	3	0
Manchester_City	s2012	Forward	10	Edin Dzeko	31	16	16	14	94	40	3	18	21	4	0
Manchester_City	s2012	Forward	16	Sergio Aguero	29	22	8	12	86	36	2	27	24	2	0
Manchester_City	s2012	Midfielder	62	Abdul Razak	24	0	3	0	0	0	0	1	0	0	0
Manchester_City	s2012	Midfielder	21	David Silva	31	29	3	4	53	20	8	27	28	2	0
Manchester_City	s2012	Midfielder	18	Gareth Barry	36	27	4	1	22	6	2	38	26	6	0
Manchester_City	s2012	Midfielder	17	Jack Rodwell	26	6	5	2	14	6	0	11	1	2	0
Manchester_City	s2012	Midfielder	7	James Milner	31	20	7	4	30	10	3	33	24	1	1
Manchester_City	s2012	Midfielder	14	Javi Garcia	30	17	7	2	16	5	0	33	19	5	0
Manchester_City	s2012	Midfielder	8	Samir Nasri	29	22	6	2	30	10	7	8	14	3	1
Manchester_City	s2012	Midfielder	11	Scott Sinclair	28	2	10	1	5	2	0	2	1	0	0
Manchester_City	s2012	Midfielder	42	Yaya Toure	34	32	0	7	69	23	5	43	33	6	0
Manchester_City	s2013	Defender	13	Aleksandar Kolarov	31	21	9	1	53	13	7	13	36	2	0
Manchester_City	s2013	Defender	38	Dedryck Boyata	26	1	0	0	1	0	0	2	0	0	0
Manchester_City	s2013	Defender	22	Gael Clichy	31	18	2	0	1	0	0	8	10	1	0
Manchester_City	s2013	Defender	6	Joleon Lescott	34	8	2	0	6	1	0	5	1	0	0
Manchester_City	s2013	Defender	26	Martin Demichelis	36	27	0	2	16	6	1	19	5	6	0
Manchester_City	s2013	Defender	33	Matija Nastasic	24	11	2	0	5	1	0	20	5	4	0
Manchester_City	s2013	Defender	2	Micah Richards	28	2	0	0	2	1	0	2	0	0	0
Manchester_City	s2013	Defender	5	Pablo Zabaleta	32	34	1	1	21	2	6	53	32	11	0
Manchester_City	s2013	Defender	4	Vincent Kompany	31	28	0	4	18	7	1	22	10	6	1
Manchester_City	s2013	Forward	9	Alvaro Negredo	31	21	11	9	66	26	3	21	16	1	0
Manchester_City	s2013	Forward	10	Edin Dzeko	31	23	8	16	103	38	1	28	26	4	0
Manchester_City	s2013	Forward	16	Sergio Aguero	29	20	3	17	86	43	6	17	23	4	0
Manchester_City	s2013	Forward	35	Stevan Jovetic	27	2	11	3	23	11	1	4	12	1	0
Manchester_City	s2013	Midfielder	21	David Silva	31	26	1	7	53	14	9	23	41	5	0
Manchester_City	s2013	Midfielder	25	Fernandinho	32	29	4	5	34	11	3	52	23	8	0
Manchester_City	s2013	Midfielder	17	Jack Rodwell	26	1	4	0	4	0	0	2	0	0	0
Manchester_City	s2013	Midfielder	7	James Milner	31	12	19	1	25	6	4	22	20	3	0
Manchester_City	s2013	Midfielder	14	Javi Garcia	30	14	15	0	10	6	0	18	11	7	0
Manchester_City	s2013	Midfielder	15	Jesus Navas	31	18	12	4	34	9	7	5	14	0	0
Manchester_City	s2013	Midfielder	8	Samir Nasri	29	29	5	7	48	16	7	21	27	3	0
Manchester_City	s2013	Midfielder	42	Yaya Toure	34	35	0	20	64	27	9	39	24	4	0
Manchester_City	s2014	Defender	11	Aleksandar Kolarov	31	17	5	2	27	8	3	23	19	4	0
Manchester_City	s2014	Defender	3	Bacary Sagna	34	8	1	0	1	0	0	5	4	1	0
Manchester_City	s2014	Defender	38	Dedryck Boyata	26	1	1	0	0	0	0	3	2	1	0
Manchester_City	s2014	Defender	20	Eliaquim Mangala	26	24	1	0	14	3	2	21	8	3	1
Manchester_City	s2014	Defender	22	Gael Clichy	31	23	0	1	8	2	3	11	9	1	0
Manchester_City	s2014	Defender	26	Martin Demichelis	36	28	3	1	8	2	0	33	9	6	0
Manchester_City	s2014	Defender	5	Pablo Zabaleta	32	29	0	1	12	2	4	30	14	6	1
Manchester_City	s2014	Defender	4	Vincent Kompany	31	23	2	0	6	0	0	34	8	7	0
Manchester_City	s2014	Forward	10	Edin Dzeko	31	12	11	4	43	13	2	13	9	1	0
Manchester_City	s2014	Forward	16	Sergio Aguero	29	30	3	26	148	62	8	18	25	4	0
Manchester_City	s2014	Forward	35	Stevan Jovetic	27	9	8	5	38	12	3	16	15	0	0
Manchester_City	s2014	Forward	14	Wilfried Bony	28	18	12	11	89	35	3	38	38	3	1
Manchester_City	s2014	Midfielder	21	David Silva	31	32	0	12	66	27	7	37	45	8	0
Manchester_City	s2014	Midfielder	25	Fernandinho	32	25	8	3	23	8	3	61	23	7	0
Manchester_City	s2014	Midfielder	6	Fernando	29	22	3	2	10	2	2	28	9	6	0
Manchester_City	s2014	Midfielder	18	Frank Lampard	38	10	22	6	32	13	1	7	10	1	0
Manchester_City	s2014	Midfielder	7	James Milner	31	18	14	5	39	11	7	28	27	6	0
Manchester_City	s2014	Midfielder	15	Jesus Navas	31	23	12	0	46	17	8	22	28	3	0
Manchester_City	s2014	Midfielder	78	Jose Pozo	21	1	2	0	3	2	0	2	2	0	0
Manchester_City	s2014	Midfielder	8	Samir Nasri	29	18	6	2	34	10	6	12	8	5	0
Manchester_City	s2014	Midfielder	42	Yaya Toure	34	27	2	10	89	27	1	33	18	5	0
Manchester_City	s2015	Defender	11	Aleksandar Kolarov	31	25	4	3	39	10	3	20	31	3	0
Manchester_City	s2015	Defender	3	Bacary Sagna	34	27	1	0	5	2	3	17	14	4	0
Manchester_City	s2015	Defender	20	Eliaquim Mangala	26	23	0	0	7	1	0	36	6	8	0
Manchester_City	s2015	Defender	22	Gael Clichy	31	12	2	0	2	0	1	10	6	0	0
Manchester_City	s2015	Defender	26	Martin Demichelis	36	10	10	0	5	0	0	12	9	3	0
Manchester_City	s2015	Defender	30	Nicolas Otamendi	29	30	0	1	27	8	0	31	30	9	0
Manchester_City	s2015	Defender	5	Pablo Zabaleta	32	12	1	0	3	1	1	15	9	3	0
Manchester_City	s2015	Defender	4	Vincent Kompany	31	13	1	2	11	3	0	15	3	5	0
Manchester_City	s2015	Forward	72	Kelechi Iheanacho	20	7	19	8	28	12	1	17	5	1	0
Manchester_City	s2015	Forward	7	Raheem Sterling	22	23	8	6	52	22	2	26	53	1	0
Manchester_City	s2015	Forward	10	Sergio Aguero	29	29	1	24	119	52	2	20	36	1	0
Manchester_City	s2015	Forward	14	Wilfried Bony	28	13	13	4	60	17	3	17	20	1	0
Manchester_City	s2015	Midfielder	59	Bersant Celina	20	0	1	0	0	0	1	0	0	0	0
Manchester_City	s2015	Midfielder	21	David Silva	31	23	2	2	29	4	11	19	34	1	0
Manchester_City	s2015	Midfielder	18	Fabian Delph	27	8	9	2	13	5	0	7	9	0	0
Manchester_City	s2015	Midfielder	25	Fernandinho	32	31	2	2	29	5	2	55	34	8	0
Manchester_City	s2015	Midfielder	6	Fernando	29	17	7	2	15	5	0	27	9	4	0
Manchester_City	s2015	Midfielder	15	Jesus Navas	31	24	10	0	31	8	7	18	24	1	0
Manchester_City	s2015	Midfielder	17	Kevin De Bruyne	25	22	3	7	49	25	9	16	18	2	0
Manchester_City	s2015	Midfielder	76	Manu Garcia	19	0	1	0	0	0	0	0	0	0	0
Manchester_City	s2015	Midfielder	8	Samir Nasri	29	4	8	2	14	7	2	4	5	3	0
Manchester_City	s2015	Midfielder	42	Yaya Toure	34	28	4	6	77	23	5	27	26	3	0
Manchester_City	s2016	Defender	11	Aleksandar Kolarov	31	27	2	1	32	10	1	34	38	6	0
Manchester_City	s2016	Defender	3	Bacary Sagna	34	14	3	0	4	1	1	3	8	2	0
Manchester_City	s2016	Defender	22	Gael Clichy	31	24	1	1	2	1	0	12	8	2	0
Manchester_City	s2016	Defender	24	John Stones	23	23	4	0	13	2	0	8	9	1	0
Manchester_City	s2016	Defender	30	Nicolas Otamendi	29	29	1	1	15	3	1	30	26	9	0
Manchester_City	s2016	Defender	5	Pablo Zabaleta	32	11	9	1	7	2	1	14	15	2	0
Manchester_City	s2016	Defender	4	Vincent Kompany	31	10	1	3	9	3	0	19	6	5	0
Manchester_City	s2016	Forward	33	Gabriel Jesus	20	8	2	7	24	13	4	11	17	2	0
Manchester_City	s2016	Forward	72	Kelechi Iheanacho	20	5	15	4	22	7	3	8	2	0	0
Manchester_City	s2016	Forward	9	Nolito	30	9	10	4	32	12	2	18	9	3	1
Manchester_City	s2016	Forward	7	Raheem Sterling	22	29	4	7	64	22	6	36	54	7	0
Manchester_City	s2016	Forward	10	Sergio Aguero	29	25	6	20	139	53	3	23	33	4	1
Manchester_City	s2016	Midfielder	75	Aleix Garcia	19	1	3	0	0	0	0	0	4	0	0
Manchester_City	s2016	Midfielder	21	David Silva	31	31	3	4	48	17	7	29	54	6	0
Manchester_City	s2016	Midfielder	18	Fabian Delph	27	2	5	1	6	2	0	6	5	1	0
Manchester_City	s2016	Midfielder	25	Fernandinho	32	31	1	2	36	11	1	48	36	4	2
Manchester_City	s2016	Midfielder	6	Fernando	29	5	10	0	2	0	0	11	7	3	0
Manchester_City	s2016	Midfielder	8	Ilkay G__ndogan	26	9	1	3	16	4	1	2	10	0	0
Manchester_City	s2016	Midfielder	15	Jesus Navas	31	12	12	0	8	2	0	6	11	2	0
Manchester_City	s2016	Midfielder	17	Kevin De Bruyne	25	33	3	6	86	21	18	37	40	4	0
Manchester_City	s2016	Midfielder	19	Leroy Sane	21	20	6	5	33	14	3	14	17	4	0
Manchester_City	s2016	Midfielder	42	Yaya Toure	34	22	3	5	32	15	0	26	10	4	0
Manchester_U	s2010	Defender	12	Chris Smalling	27	11	5	0	9	1	0	12	11	0	0
Manchester_U	s2010	Defender	20	Fabio	26	5	6	1	1	1	0	9	4	2	0
Manchester_U	s2010	Defender	22	John O'Shea	36	18	2	0	8	1	3	10	4	1	0
Manchester_U	s2010	Defender	6	Jonny Evans	29	11	2	0	3	1	0	13	9	2	1
Manchester_U	s2010	Defender	15	Nemanja Vidic	35	35	0	5	21	7	1	39	35	6	1
Manchester_U	s2010	Defender	3	Patrice Evra	36	34	1	1	14	4	1	43	31	1	0
Manchester_U	s2010	Defender	21	Rafael	26	15	1	0	7	4	1	19	21	2	1
Manchester_U	s2010	Defender	5	Rio Ferdinand	38	19	0	0	1	1	0	3	9	0	0
Manchester_U	s2010	Defender	6	Wes Brown	37	4	3	0	2	0	0	8	1	2	0
Manchester_U	s2010	Forward	33	Bebe	26	0	2	0	2	1	0	0	3	0	0
Manchester_U	s2010	Forward	9	Dimitar Berbatov	36	24	8	20	98	42	4	36	15	1	0
Manchester_U	s2010	Forward	27	Federico Macheda	25	2	5	1	1	1	0	5	4	0	0
Manchester_U	s2010	Forward	14	Javier Hernandez	29	15	12	13	54	24	1	26	27	5	0
Manchester_U	s2010	Forward	7	Michael Owen	37	1	10	2	4	2	0	6	1	1	0
Manchester_U	s2010	Forward	10	Wayne Rooney	31	25	3	11	99	40	11	24	29	5	0
Manchester_U	s2010	Midfielder	8	Anderson	29	14	4	1	19	6	2	15	18	2	0
Manchester_U	s2010	Midfielder	25	Antonio Valencia	31	8	2	1	7	1	2	13	4	1	0
Manchester_U	s2010	Midfielder	24	Darren Fletcher	33	24	2	2	17	7	6	19	19	3	0
Manchester_U	s2010	Midfielder	28	Darron Gibson	29	6	6	0	19	4	1	7	2	3	0
Manchester_U	s2010	Midfielder	26	Gabriel Obertan	28	3	4	0	8	2	0	2	3	0	0
Manchester_U	s2010	Midfielder	16	Michael Carrick	35	23	5	0	19	2	0	13	18	1	0
Manchester_U	s2010	Midfielder	17	Nani	30	31	2	9	135	39	14	32	62	1	0
Manchester_U	s2010	Midfielder	4	Owen Hargreaves	36	1	0	0	0	0	0	0	0	0	0
Manchester_U	s2010	Midfielder	13	Park Ji-Sung	36	13	2	5	18	8	3	9	37	1	0
Manchester_U	s2010	Midfielder	22	Paul Scholes	42	16	6	1	20	5	3	32	6	9	0
Manchester_U	s2010	Midfielder	11	Ryan Giggs	43	19	6	2	32	8	6	23	10	5	0
Manchester_U	s2011	Defender	12	Chris Smalling	27	14	5	1	8	1	0	22	7	1	0
Manchester_U	s2011	Defender	51	Ezekiel Fryers	24	0	2	0	0	0	0	2	0	0	0
Manchester_U	s2011	Defender	20	Fabio	26	2	3	0	2	0	0	7	4	1	0
Manchester_U	s2011	Defender	6	Jonny Evans	29	28	1	1	15	5	3	27	20	6	1
Manchester_U	s2011	Defender	15	Nemanja Vidic	35	6	0	0	4	2	0	4	2	0	0
Manchester_U	s2011	Defender	3	Patrice Evra	36	37	0	0	21	4	4	38	40	6	0
Manchester_U	s2011	Defender	4	Phil Jones	25	25	4	1	25	7	2	20	24	6	0
Manchester_U	s2011	Defender	21	Rafael	26	10	2	0	10	4	4	12	12	2	0
Manchester_U	s2011	Defender	5	Rio Ferdinand	38	29	1	0	2	1	0	10	14	4	0
Manchester_U	s2011	Forward	19	Danny Welbeck	26	23	7	9	80	34	4	16	25	3	0
Manchester_U	s2011	Forward	9	Dimitar Berbatov	36	5	7	7	16	9	0	8	2	0	0
Manchester_U	s2011	Forward	14	Javier Hernandez	29	18	10	10	47	22	2	12	15	0	0
Manchester_U	s2011	Forward	7	Michael Owen	37	0	1	0	2	0	0	0	0	0	0
Manchester_U	s2011	Forward	10	Wayne Rooney	31	32	2	27	157	70	4	29	35	1	0
Manchester_U	s2011	Forward	48	William Keane	24	0	1	0	1	0	0	0	0	0	0
Manchester_U	s2011	Midfielder	8	Anderson	29	8	2	2	10	6	1	12	2	2	0
Manchester_U	s2011	Midfielder	25	Antonio Valencia	31	22	5	4	26	8	13	46	17	3	0
Manchester_U	s2011	Midfielder	18	Ashley Young	31	19	6	6	54	21	7	17	51	3	0
Manchester_U	s2011	Midfielder	24	Darren Fletcher	33	7	1	1	3	1	1	5	5	1	0
Manchester_U	s2011	Midfielder	16	Michael Carrick	35	27	3	2	27	3	3	20	21	4	0
Manchester_U	s2011	Midfielder	17	Nani	30	24	5	8	65	19	10	29	28	2	0
Manchester_U	s2011	Midfielder	13	Park Ji-Sung	36	10	7	2	12	5	1	2	24	0	0
Manchester_U	s2011	Midfielder	42	Paul Pogba	24	0	3	0	4	0	0	1	1	0	0
Manchester_U	s2011	Midfielder	22	Paul Scholes	42	14	3	4	21	7	0	22	10	3	0
Manchester_U	s2011	Midfielder	11	Ryan Giggs	43	14	11	2	19	10	8	20	13	3	0
Manchester_U	s2011	Midfielder	23	Tom Cleverley	27	5	5	0	9	3	1	7	6	0	0
Manchester_U	s2012	Defender	28	Alexander Buttner	28	4	1	2	7	4	1	7	7	1	0
Manchester_U	s2012	Defender	12	Chris Smalling	27	10	5	0	8	1	0	6	8	1	0
Manchester_U	s2012	Defender	6	Jonny Evans	29	21	2	3	10	8	1	14	22	2	0
Manchester_U	s2012	Defender	15	Nemanja Vidic	35	18	1	1	11	1	0	20	11	2	0
Manchester_U	s2012	Defender	3	Patrice Evra	36	34	0	4	22	11	5	34	31	3	0
Manchester_U	s2012	Defender	4	Phil Jones	25	14	4	0	11	0	1	14	21	4	0
Manchester_U	s2012	Defender	2	Rafael	26	27	1	3	21	5	3	36	28	6	1
Manchester_U	s2012	Defender	5	Rio Ferdinand	38	26	2	1	2	1	1	7	11	2	0
Manchester_U	s2012	Forward	19	Danny Welbeck	26	13	14	1	39	9	4	14	15	1	0
Manchester_U	s2012	Forward	14	Javier Hernandez	29	9	13	10	44	23	3	13	20	1	0
Manchester_U	s2012	Forward	25	Nick Powell	23	0	2	1	1	1	0	0	0	0	0
Manchester_U	s2012	Forward	20	Robin van Persie	33	35	3	26	141	65	8	37	54	6	0
Manchester_U	s2012	Forward	10	Wayne Rooney	31	22	5	12	86	35	10	27	18	7	0
Manchester_U	s2012	Midfielder	8	Anderson	29	9	8	1	10	5	1	8	7	1	0
Manchester_U	s2012	Midfielder	7	Antonio Valencia	31	24	6	1	17	2	5	37	21	6	0
Manchester_U	s2012	Midfielder	18	Ashley Young	31	17	2	0	27	10	3	14	40	1	0
Manchester_U	s2012	Midfielder	24	Darren Fletcher	33	2	1	1	2	1	0	2	3	0	0
Manchester_U	s2012	Midfielder	16	Michael Carrick	35	34	2	1	18	5	4	30	32	3	0
Manchester_U	s2012	Midfielder	17	Nani	30	7	4	1	19	4	2	7	10	1	0
Manchester_U	s2012	Midfielder	22	Paul Scholes	42	8	8	1	12	4	1	20	11	7	0
Manchester_U	s2012	Midfielder	11	Ryan Giggs	43	12	10	2	14	3	3	13	4	0	0
Manchester_U	s2012	Midfielder	26	Shinji Kagawa	28	17	3	6	21	10	3	9	20	1	0
Manchester_U	s2012	Midfielder	23	Tom Cleverley	27	18	4	2	19	5	2	8	22	1	0
Manchester_U	s2013	Defender	28	Alexander Buttner	28	5	3	0	5	0	0	7	8	2	0
Manchester_U	s2013	Defender	12	Chris Smalling	27	21	4	1	13	3	0	19	15	2	0
Manchester_U	s2013	Defender	6	Jonny Evans	29	17	0	0	7	1	0	1	11	0	0
Manchester_U	s2013	Defender	15	Nemanja Vidic	35	23	2	0	16	2	0	32	13	5	2
Manchester_U	s2013	Defender	3	Patrice Evra	36	33	0	1	19	9	3	35	31	2	0
Manchester_U	s2013	Defender	4	Phil Jones	25	26	0	1	12	4	2	30	26	5	0
Manchester_U	s2013	Defender	2	Rafael	26	18	1	0	7	2	1	19	24	5	0
Manchester_U	s2013	Defender	5	Rio Ferdinand	38	12	2	0	0	0	0	0	3	0	0
Manchester_U	s2013	Forward	19	Danny Welbeck	26	15	10	9	46	19	1	11	31	2	0
Manchester_U	s2013	Forward	47	James Wilson	21	1	0	2	4	2	0	1	0	0	0
Manchester_U	s2013	Forward	14	Javier Hernandez	29	6	18	4	21	11	3	6	14	2	0
Manchester_U	s2013	Forward	20	Robin van Persie	33	18	3	12	62	21	3	26	11	2	0
Manchester_U	s2013	Forward	34	Tom Lawrence	23	1	0	0	2	0	0	1	1	0	0
Manchester_U	s2013	Forward	10	Wayne Rooney	31	27	2	17	101	43	10	31	28	8	0
Manchester_U	s2013	Midfielder	44	Adnan Januzaj	22	15	12	4	47	12	3	31	60	7	0
Manchester_U	s2013	Midfielder	25	Antonio Valencia	31	20	9	2	16	6	3	38	23	6	1
Manchester_U	s2013	Midfielder	18	Ashley Young	31	13	7	2	17	6	1	18	19	4	0
Manchester_U	s2013	Midfielder	24	Darren Fletcher	33	9	3	0	5	1	0	3	11	0	0
Manchester_U	s2013	Midfielder	8	Juan Mata	29	25	3	6	39	12	6	14	41	0	0
Manchester_U	s2013	Midfielder	31	Marouane Fellaini	29	15	4	0	30	9	1	42	20	2	0
Manchester_U	s2013	Midfielder	16	Michael Carrick	35	26	3	1	17	5	0	12	22	5	0
Manchester_U	s2013	Midfielder	17	Nani	30	7	4	0	17	3	0	5	9	0	0
Manchester_U	s2013	Midfielder	11	Ryan Giggs	43	6	6	0	5	2	0	6	1	3	0
Manchester_U	s2013	Midfielder	26	Shinji Kagawa	28	14	4	0	14	6	3	4	8	0	0
Manchester_U	s2013	Midfielder	23	Tom Cleverley	27	18	4	1	15	5	0	16	30	3	0
Manchester_U	s2014	Defender	12	Chris Smalling	27	21	4	4	17	6	0	24	11	1	1
Manchester_U	s2014	Defender	6	Jonny Evans	29	12	2	0	1	0	0	7	9	1	0
Manchester_U	s2014	Defender	3	Luke Shaw	21	15	1	0	3	1	0	12	15	1	1
Manchester_U	s2014	Defender	5	Marcos Rojo	28	20	2	0	16	3	0	24	4	6	0
Manchester_U	s2014	Defender	33	Paddy McNair	22	12	4	0	4	2	0	8	5	2	0
Manchester_U	s2014	Defender	4	Phil Jones	25	22	0	0	3	1	0	26	29	3	0
Manchester_U	s2014	Defender	2	Rafael	26	6	4	0	2	0	1	6	11	2	0
Manchester_U	s2014	Forward	49	James Wilson	21	2	11	1	8	4	0	4	4	3	0
Manchester_U	s2014	Forward	9	Radamel Falcao	31	14	12	4	37	16	4	21	25	2	0
Manchester_U	s2014	Forward	20	Robin van Persie	33	25	2	10	76	37	2	34	26	5	0
Manchester_U	s2014	Forward	10	Wayne Rooney	31	33	0	12	79	27	5	36	24	5	1
Manchester_U	s2014	Midfielder	7	Angel Di Maria	29	20	7	3	61	18	10	5	22	1	0
Manchester_U	s2014	Midfielder	11	Adnan Januzaj	22	7	11	0	25	5	0	13	23	0	0
Manchester_U	s2014	Midfielder	21	Ander Herrera	27	19	7	6	37	7	4	30	39	6	0
Manchester_U	s2014	Midfielder	44	Andreas Pereira	21	0	1	0	0	0	0	1	0	0	0
Manchester_U	s2014	Midfielder	25	Antonio Valencia	31	29	3	0	6	3	2	38	23	4	0
Manchester_U	s2014	Midfielder	18	Ashley Young	31	23	3	2	29	7	5	24	27	5	0
Manchester_U	s2014	Midfielder	17	Daley Blind	27	25	0	2	28	9	2	25	11	4	0
Manchester_U	s2014	Midfielder	8	Juan Mata	29	27	6	9	33	12	4	27	36	2	0
Manchester_U	s2014	Midfielder	31	Marouane Fellaini	29	19	8	6	36	17	0	61	30	5	1
Manchester_U	s2014	Midfielder	16	Michael Carrick	35	16	2	1	8	4	2	8	10	1	0
Manchester_U	s2015	Defender	25	Antonio Valencia	31	8	6	0	6	1	3	16	6	1	0
Manchester_U	s2015	Defender	43	Cameron Borthwick-Jackson	20	6	4	0	1	1	1	8	2	0	0
Manchester_U	s2015	Defender	12	Chris Smalling	27	35	0	0	18	2	1	47	14	8	0
Manchester_U	s2015	Defender	17	Daley Blind	27	35	0	1	4	2	1	26	15	2	0
Manchester_U	s2015	Defender	37	Donald Love	22	0	1	0	0	0	0	1	0	0	0
Manchester_U	s2015	Defender	30	Gullermo Varela	24	3	1	0	1	0	0	5	7	1	0
Manchester_U	s2015	Defender	23	Luke Shaw	21	5	0	0	1	1	1	8	3	1	0
Manchester_U	s2015	Defender	5	Marcos Rojo	28	15	1	0	8	1	1	20	12	3	0
Manchester_U	s2015	Defender	36	Matteo Darmian	27	24	4	1	6	1	0	27	23	8	0
Manchester_U	s2015	Defender	33	Paddy McNair	22	3	5	0	3	1	0	4	2	0	0
Manchester_U	s2015	Defender	4	Phil Jones	25	6	4	0	1	0	0	4	2	0	0
Manchester_U	s2015	Defender	51	Timothy Fosu-Mensah	19	2	6	0	2	0	1	2	2	1	0
Manchester_U	s2015	Forward	9	Anthony Martial	21	30	2	11	57	25	4	40	56	2	0
Manchester_U	s2015	Forward	39	Marcus Rashford	19	11	0	5	16	8	2	5	9	0	0
Manchester_U	s2015	Forward	7	Memphis Depay	23	16	12	2	56	17	0	20	33	2	0
Manchester_U	s2015	Forward	10	Wayne Rooney	31	27	1	8	70	23	6	28	14	4	0
Manchester_U	s2015	Forward	48	William Keane	24	0	1	0	0	0	0	0	0	0	0
Manchester_U	s2015	Midfielder	11	Adnan Januzaj	22	2	3	1	4	1	0	5	3	1	0
Manchester_U	s2015	Midfielder	21	Ander Herrera	27	17	10	3	24	6	2	28	20	4	0
Manchester_U	s2015	Midfielder	44	Andreas Pereira	21	0	4	0	0	0	0	2	1	2	0
Manchester_U	s2015	Midfielder	18	Ashley Young	31	11	7	1	7	3	2	15	20	5	0
Manchester_U	s2015	Midfielder	31	Bastian Schweinsteiger	32	13	5	1	12	3	0	19	17	3	0
Manchester_U	s2015	Midfielder	47	James Weir	21	0	1	0	0	0	0	0	0	0	0
Manchester_U	s2015	Midfielder	35	Jesse Lingard	24	19	6	4	31	13	1	24	21	4	0
Manchester_U	s2015	Midfielder	8	Juan Mata	29	34	4	6	57	22	5	22	29	4	1
Manchester_U	s2015	Midfielder	27	Marouane Fellaini	29	12	6	1	23	8	0	33	13	2	0
Manchester_U	s2015	Midfielder	16	Michael Carrick	35	22	6	0	7	1	0	11	13	4	0
Manchester_U	s2015	Midfielder	28	Morgan Schneiderlin	27	25	4	1	11	1	0	52	15	3	0
Manchester_U	s2016	Defender	25	Antonio Valencia	31	27	1	1	9	4	3	33	17	5	0
Manchester_U	s2016	Defender	38	Axel Tuanzebe	19	4	0	0	2	0	0	6	4	0	0
Manchester_U	s2016	Defender	12	Chris Smalling	27	13	5	1	7	1	1	8	8	0	0
Manchester_U	s2016	Defender	17	Daley Blind	27	20	3	1	9	2	2	14	14	2	0
Manchester_U	s2016	Defender	35	Demetri Mitchell	20	1	0	0	0	0	0	0	2	0	0
Manchester_U	s2016	Defender	3	Eric Bailly	23	24	1	0	6	1	0	28	25	4	0
Manchester_U	s2016	Defender	23	Luke Shaw	21	9	2	0	6	1	1	7	6	1	0
Manchester_U	s2016	Defender	5	Marcos Rojo	28	18	3	1	14	4	0	24	10	5	0
Manchester_U	s2016	Defender	36	Matteo Darmian	27	15	3	0	2	0	0	19	16	3	0
Manchester_U	s2016	Defender	4	Phil Jones	25	18	0	0	3	0	0	9	11	2	0
Manchester_U	s2016	Defender	24	Timothy Fosu-Mensah	19	1	3	0	1	0	0	3	0	0	0
Manchester_U	s2016	Forward	11	Anthony Martial	21	18	7	4	42	18	6	26	28	2	0
Manchester_U	s2016	Forward	19	Marcus Rashford	19	16	16	5	44	17	1	16	32	3	0
Manchester_U	s2016	Forward	10	Wayne Rooney	31	15	10	5	52	19	5	23	11	8	0
Manchester_U	s2016	Forward	9	Zlatan Ibrahimovic	35	27	1	17	115	46	5	54	20	7	0
Manchester_U	s2016	Midfielder	21	Ander Herrera	27	27	4	1	38	6	6	47	45	5	1
Manchester_U	s2016	Midfielder	47	Angel Gomes	16	0	1	0	0	0	0	0	0	0	0
Manchester_U	s2016	Midfielder	18	Ashley Young	31	8	4	0	5	0	1	9	15	2	0
Manchester_U	s2016	Midfielder	22	Henrikh Mkhitaryan	28	15	9	4	33	16	1	19	26	1	0
Manchester_U	s2016	Midfielder	14	Jesse Lingard	24	18	7	1	37	13	2	26	19	3	0
Manchester_U	s2016	Midfielder	46	Josh Harrop	21	1	0	1	2	1	0	4	1	0	0
Manchester_U	s2016	Midfielder	8	Juan Mata	29	19	6	6	40	21	3	10	16	3	0
Manchester_U	s2016	Midfielder	27	Marouane Fellaini	29	18	10	1	23	7	0	41	20	9	1
Manchester_U	s2016	Midfielder	16	Michael Carrick	35	18	5	0	8	0	0	5	19	2	0
Manchester_U	s2016	Midfielder	6	Paul Pogba	24	29	1	5	92	32	4	62	71	7	0
Manchester_U	s2016	Midfielder	39	Scott McTominay	20	1	1	0	1	1	0	2	2	1	0
Tottenham	s2010	Defender	2	Alan Hutton	32	19	2	2	12	3	1	17	31	2	0
Tottenham	s2010	Defender	32	Benoit Assou-Ekotto	33	30	0	0	13	2	0	34	42	2	0
Tottenham	s2010	Defender	26	Ledley King	36	6	0	0	2	0	0	2	4	0	0
Tottenham	s2010	Defender	20	Michael Dawson	33	24	0	1	14	4	0	20	19	6	0
Tottenham	s2010	Defender	19	Sebastien Bassong	30	7	5	1	3	2	0	10	5	0	0
Tottenham	s2010	Defender	22	Vedran Corluka	31	13	2	0	6	0	1	9	7	1	0
Tottenham	s2010	Defender	13	William Gallas	39	26	1	0	10	2	0	27	9	5	0
Tottenham	s2010	Defender	4	Younes Kaboul	31	19	2	1	25	4	1	21	15	2	1
Tottenham	s2010	Forward	17	Giovani Dos Santos	28	0	3	0	0	0	0	2	2	0	0
Tottenham	s2010	Forward	18	Jermain Defoe	34	16	6	4	68	23	2	8	27	0	1
Tottenham	s2010	Forward	15	Peter Crouch	36	20	14	4	50	16	6	38	39	0	0
Tottenham	s2010	Forward	9	Roman Pavlyuchenko	35	18	11	9	75	24	4	31	17	3	0
Tottenham	s2010	Midfielder	7	Aaron Lennon	30	25	9	3	26	7	2	14	35	1	0
Tottenham	s2010	Midfielder	25	Danny Rose	26	4	0	0	2	0	1	1	12	0	0
Tottenham	s2010	Midfielder	3	Gareth Bale	27	29	1	7	63	24	1	11	58	1	0
Tottenham	s2010	Midfielder	NA	Jermaine Jenas	34	14	5	0	22	4	1	13	16	2	0
Tottenham	s2010	Midfielder	14	Luka Modric	31	32	0	3	54	16	2	16	46	3	0
Tottenham	s2010	Midfielder	21	Niko Kranjcar	32	2	11	2	13	4	0	5	5	1	0
Tottenham	s2010	Midfielder	11	Rafael Van der Vaart	34	28	0	13	113	41	8	36	45	4	0
Tottenham	s2010	Midfielder	30	Sandro	28	11	8	1	21	3	0	27	12	4	0
Tottenham	s2010	Midfielder	40	Steven Pienaar	35	23	3	1	54	14	1	39	66	3	0
Tottenham	s2010	Midfielder	6	Tom Huddlestone	30	13	1	2	30	4	2	18	7	3	0
Tottenham	s2010	Midfielder	12	Wilson Palacios	32	16	5	0	9	2	0	25	15	5	0
Tottenham	s2011	Defender	32	Benoit Assou-Ekotto	33	34	0	2	30	5	4	36	41	6	0
Tottenham	s2011	Defender	28	Kyle Walker	27	37	0	2	26	2	1	33	30	4	0
Tottenham	s2011	Defender	26	Ledley King	36	21	0	0	11	0	0	10	6	0	0
Tottenham	s2011	Defender	20	Michael Dawson	33	7	1	0	3	0	0	3	2	1	0
Tottenham	s2011	Defender	33	Ryan Nelsen	39	1	5	0	2	0	0	3	2	0	0
Tottenham	s2011	Defender	13	William Gallas	39	15	0	0	3	0	0	10	4	1	0
Tottenham	s2011	Defender	4	Younes Kaboul	31	33	0	1	30	8	0	25	7	2	1
Tottenham	s2011	Forward	53	Cameron Lancaster	24	0	1	0	1	0	0	0	0	0	0
Tottenham	s2011	Forward	10	Emmanuel Adebayor	33	32	1	17	100	48	11	52	23	3	0
Tottenham	s2011	Forward	17	Giovani Dos Santos	28	0	7	0	1	1	0	0	3	0	0
Tottenham	s2011	Forward	18	Jermain Defoe	34	11	14	11	66	26	1	13	12	2	0
Tottenham	s2011	Forward	15	Louis Saha	38	20	8	4	68	18	1	12	27	0	0
Tottenham	s2011	Midfielder	7	Aaron Lennon	30	19	4	3	18	5	5	8	14	1	0
Tottenham	s2011	Midfielder	25	Danny Rose	26	3	8	0	1	1	0	5	6	1	1
Tottenham	s2011	Midfielder	3	Gareth Bale	27	36	0	9	136	45	10	17	51	3	0
Tottenham	s2011	Midfielder	29	Jake Livermore	27	7	17	0	4	3	1	10	9	1	0
Tottenham	s2011	Midfielder	14	Luka Modric	31	36	0	4	83	23	4	18	47	2	0
Tottenham	s2011	Midfielder	21	Niko Kranjcar	32	9	3	1	17	5	1	8	7	0	0
Tottenham	s2011	Midfielder	11	Rafael Van der Vaart	34	28	5	11	102	42	7	32	31	3	0
Tottenham	s2011	Midfielder	30	Sandro	28	17	6	0	19	4	0	27	33	6	0
Tottenham	s2011	Midfielder	8	Scott Parker	36	28	1	0	20	3	1	47	44	7	1
Tottenham	s2011	Midfielder	6	Tom Huddlestone	30	0	2	0	3	1	0	3	1	0	0
Tottenham	s2012	Defender	32	Benoit Assou-Ekotto	33	12	3	1	9	4	0	16	13	2	0
Tottenham	s2012	Defender	5	Jan Vertonghen	30	34	0	4	39	10	3	23	23	7	0
Tottenham	s2012	Defender	16	Kyle Naughton	28	13	1	0	6	2	1	9	3	0	0
Tottenham	s2012	Defender	28	Kyle Walker	27	36	0	0	31	5	4	28	23	5	0
Tottenham	s2012	Defender	20	Michael Dawson	33	23	4	1	9	4	0	17	14	4	0
Tottenham	s2012	Defender	33	Steven Caulker	25	17	1	2	14	8	1	5	2	0	0
Tottenham	s2012	Defender	13	William Gallas	39	16	3	1	6	2	0	5	2	2	0
Tottenham	s2012	Forward	2	Clint Dempsey	34	22	7	7	70	26	4	27	45	4	0
Tottenham	s2012	Forward	10	Emmanuel Adebayor	33	18	7	5	42	19	1	31	24	3	1
Tottenham	s2012	Forward	18	Jermain Defoe	34	27	7	11	108	41	3	24	24	4	0
Tottenham	s2012	Midfielder	7	Aaron Lennon	30	33	1	4	29	8	7	14	42	1	0
Tottenham	s2012	Midfielder	11	Gareth Bale	27	34	0	21	165	73	4	24	47	6	0
Tottenham	s2012	Midfielder	22	Gylfi Sigurdsson	27	12	21	3	53	17	4	16	15	0	0
Tottenham	s2012	Midfielder	29	Jake Livermore	27	4	7	0	2	0	0	13	2	3	0
Tottenham	s2012	Midfielder	23	Lewis Holtby	26	4	7	0	10	2	2	15	3	2	0
Tottenham	s2012	Midfielder	19	Mousa Dembele	29	28	4	1	25	8	3	53	38	4	0
Tottenham	s2012	Midfielder	30	Sandro	28	22	0	1	25	6	2	34	29	4	0
Tottenham	s2012	Midfielder	8	Scott Parker	36	15	6	0	15	2	1	21	30	1	0
Tottenham	s2012	Midfielder	46	Tom Carroll	25	0	7	0	1	0	1	2	1	0	0
Tottenham	s2012	Midfielder	6	Tom Huddlestone	30	11	9	0	19	5	4	16	7	3	1
Tottenham	s2013	Defender	3	Danny Rose	26	22	0	1	15	3	2	30	43	4	1
Tottenham	s2013	Defender	35	Ezekiel Fryers	24	3	4	0	2	0	0	1	5	0	0
Tottenham	s2013	Defender	5	Jan Vertonghen	30	23	0	0	13	3	0	12	24	4	0
Tottenham	s2013	Defender	16	Kyle Naughton	28	19	3	0	9	1	0	23	13	6	0
Tottenham	s2013	Defender	2	Kyle Walker	27	26	0	1	17	5	2	26	31	5	0
Tottenham	s2013	Defender	20	Michael Dawson	33	31	1	0	17	2	0	29	14	7	0
Tottenham	s2013	Defender	51	Milos Veljkovic	21	0	2	0	0	0	0	0	0	0	0
Tottenham	s2013	Defender	6	Vlad Chiriches	27	16	1	1	4	1	0	13	15	1	0
Tottenham	s2013	Defender	4	Younes Kaboul	31	11	2	1	8	4	1	9	4	1	2
Tottenham	s2013	Forward	10	Emmanuel Adebayor	33	20	1	11	44	23	4	26	13	0	0
Tottenham	s2013	Forward	37	Harry Kane	23	6	4	3	28	12	0	3	11	0	0
Tottenham	s2013	Forward	9	Roberto Soldado	32	22	6	6	58	16	5	24	29	6	0
Tottenham	s2013	Midfielder	15	Etienne Capoue	28	8	4	1	6	3	0	15	8	1	0
Tottenham	s2013	Midfielder	7	Aaron Lennon	30	26	1	1	25	7	3	10	23	1	0
Tottenham	s2013	Midfielder	39	Alex Pritchard	24	0	1	0	0	0	0	0	0	0	0
Tottenham	s2013	Midfielder	17	Andros Townsend	25	12	13	1	56	20	0	8	29	2	0
Tottenham	s2013	Midfielder	23	Christian Eriksen	25	23	2	7	48	22	8	9	14	3	0
Tottenham	s2013	Midfielder	11	Erik Lamela	25	3	6	0	8	2	1	5	4	1	0
Tottenham	s2013	Midfielder	22	Gylfi Sigurdsson	27	14	11	5	37	15	0	9	17	2	0
Tottenham	s2013	Midfielder	19	Mousa Dembele	29	22	6	1	14	4	1	34	29	5	0
Tottenham	s2013	Midfielder	42	Nabil Bentaleb	22	11	4	0	16	2	1	18	10	2	0
Tottenham	s2013	Midfielder	21	Nacer Chadli	27	15	9	1	33	6	3	20	12	1	0
Tottenham	s2013	Midfielder	8	Paulinho	28	28	2	6	72	25	2	33	19	4	1
Tottenham	s2013	Midfielder	30	Sandro	28	10	7	1	17	4	0	30	7	6	0
Tottenham	s2014	Defender	33	Ben Davies	24	9	5	0	1	0	1	7	11	3	0
Tottenham	s2014	Defender	3	Danny Rose	26	27	1	3	24	7	4	49	51	7	0
Tottenham	s2014	Defender	12	DeAndre Yedlin	23	0	1	0	0	0	0	0	0	0	0
Tottenham	s2014	Defender	15	Eric Dier	23	25	3	2	12	2	2	21	11	4	0
Tottenham	s2014	Defender	21	Federico Fazio	30	20	0	0	11	3	0	15	7	2	1
Tottenham	s2014	Defender	5	Jan Vertonghen	30	31	1	0	13	3	0	20	19	6	0
Tottenham	s2014	Defender	2	Kyle Walker	27	15	0	0	6	0	0	15	10	3	0
Tottenham	s2014	Defender	6	Vlad Chiriches	27	8	2	0	1	0	0	11	7	2	1
Tottenham	s2014	Defender	4	Younes Kaboul	31	11	0	0	5	1	0	10	3	2	0
Tottenham	s2014	Forward	10	Emmanuel Adebayor	33	9	4	2	19	10	1	13	6	1	0
Tottenham	s2014	Forward	18	Harry Kane	23	28	6	21	112	47	4	33	44	4	0
Tottenham	s2014	Forward	9	Roberto Soldado	32	7	17	1	21	7	1	11	8	1	0
Tottenham	s2014	Midfielder	29	Etienne Capoue	28	11	1	0	7	1	0	23	10	2	0
Tottenham	s2014	Midfielder	17	Andros Townsend	25	10	7	2	16	8	2	6	11	2	0
Tottenham	s2014	Midfielder	25	Benjamin Stambouli	26	4	8	0	2	0	0	6	7	4	0
Tottenham	s2014	Midfielder	23	Christian Eriksen	25	37	1	10	97	26	2	17	22	4	0
Tottenham	s2014	Midfielder	11	Erik Lamela	25	25	8	2	38	11	7	50	48	6	0
Tottenham	s2014	Midfielder	42	Nabil Bentaleb	22	25	1	0	26	5	2	27	16	8	0
Tottenham	s2014	Midfielder	22	Nacer Chadli	27	28	7	11	54	22	5	26	26	3	0
Tottenham	s2014	Midfielder	8	Paulinho	28	3	12	0	7	2	1	10	3	3	0
Tottenham	s2014	Midfielder	38	Ryan Mason	25	29	2	1	41	14	4	27	37	10	0
Tottenham	s2015	Defender	33	Ben Davies	24	14	3	0	9	2	2	16	8	3	0
Tottenham	s2015	Defender	3	Danny Rose	26	24	0	1	26	4	3	41	43	7	0
Tottenham	s2015	Defender	5	Jan Vertonghen	30	29	0	0	11	2	0	17	21	5	0
Tottenham	s2015	Defender	27	Kevin Wimmer	24	9	1	0	1	0	0	12	3	2	0
Tottenham	s2015	Defender	16	Kieran Trippier	26	5	1	1	2	1	1	3	10	1	0
Tottenham	s2015	Defender	2	Kyle Walker	27	33	0	1	21	7	3	29	30	7	0
Tottenham	s2015	Defender	4	Toby Alderweireld	28	38	0	4	41	14	2	9	5	3	0
Tottenham	s2015	Forward	14	Clinton Mua Njie	23	0	8	0	6	2	1	4	1	0	0
Tottenham	s2015	Forward	10	Harry Kane	23	38	0	25	158	74	1	42	55	5	0
Tottenham	s2015	Midfielder	23	Christian Eriksen	25	33	2	6	100	42	13	13	17	2	0
Tottenham	s2015	Midfielder	20	Dele Alli	21	28	5	10	74	28	9	50	66	7	0
Tottenham	s2015	Midfielder	15	Eric Dier	23	37	0	3	30	7	2	52	24	10	0
Tottenham	s2015	Midfielder	11	Erik Lamela	25	28	6	5	58	20	9	66	35	9	0
Tottenham	s2015	Midfielder	25	Josh Onomah	20	0	8	0	3	2	0	1	0	0	0
Tottenham	s2015	Midfielder	19	Mousa Dembele	29	27	2	3	22	9	1	48	32	3	0
Tottenham	s2015	Midfielder	6	Nabil Bentaleb	22	2	3	0	3	2	0	3	0	1	0
Tottenham	s2015	Midfielder	22	Nacer Chadli	27	10	19	3	25	7	2	16	7	1	0
Tottenham	s2015	Midfielder	8	Ryan Mason	25	8	14	1	20	9	0	9	11	3	0
Tottenham	s2015	Midfielder	7	Son Heung-Min	24	13	15	4	38	13	1	12	11	0	0
Tottenham	s2015	Midfielder	28	Tom Carroll	25	4	15	1	5	3	0	8	3	3	0
Tottenham	s2016	Defender	33	Ben Davies	24	18	5	1	13	4	3	13	26	1	0
Tottenham	s2016	Defender	3	Danny Rose	26	18	0	2	23	5	2	26	48	8	0
Tottenham	s2016	Defender	5	Jan Vertonghen	30	33	0	0	14	4	0	21	21	5	0
Tottenham	s2016	Defender	27	Kevin Wimmer	24	4	1	0	0	0	0	4	1	3	0
Tottenham	s2016	Defender	16	Kieran Trippier	26	6	6	0	3	0	5	8	5	1	0
Tottenham	s2016	Defender	2	Kyle Walker	27	31	2	0	19	5	5	36	33	8	0
Tottenham	s2016	Defender	4	Toby Alderweireld	28	30	0	1	28	9	0	9	5	1	0
Tottenham	s2016	Forward	10	Harry Kane	23	29	1	29	110	58	7	23	45	3	0
Tottenham	s2016	Forward	9	Vincent Janssen	22	7	20	2	30	14	2	31	25	0	0
Tottenham	s2016	Midfielder	23	Christian Eriksen	25	36	0	8	133	45	15	20	26	0	0
Tottenham	s2016	Midfielder	20	Dele Alli	21	35	2	18	94	44	7	50	76	4	0
Tottenham	s2016	Midfielder	15	Eric Dier	23	34	2	2	23	7	0	24	18	6	0
Tottenham	s2016	Midfielder	11	Erik Lamela	25	6	3	1	18	7	1	13	11	1	0
Tottenham	s2016	Midfielder	44	Filip Lesniak	21	0	1	0	0	0	1	1	0	0	0
Tottenham	s2016	Midfielder	14	Georges-Kevin N'Koudou	22	0	8	0	2	1	0	2	3	0	0
Tottenham	s2016	Midfielder	29	Harry Winks	21	3	18	1	6	2	1	10	10	1	0
Tottenham	s2016	Midfielder	25	Josh Onomah	20	0	5	0	1	0	0	0	1	0	0
Tottenham	s2016	Midfielder	19	Mousa Dembele	29	24	6	1	15	3	1	45	21	5	0
Tottenham	s2016	Midfielder	17	Moussa Sissoko	27	8	17	0	17	3	2	21	10	3	0
Tottenham	s2016	Midfielder	7	Son Heung-Min	24	23	11	14	80	33	6	9	32	2	0
Tottenham	s2016	Midfielder	12	Victor Wanyama	25	35	1	4	40	13	1	66	35	10	0